case,field,old_location,expression,current_static_value,historical_configuration_value,comparison,consumer,user_adjustable,assignment_scope,notes
baseline,cfg,project/cases/per_case/tandem_baseline_r2/tandem_baseline_r2_case.m:15,struct(),"""<配置容器或校验返回值>""","""<非cfg字段>""",未作值相等断言,project/lib/+tblR2/mean_stats_cache.m:57; project/lib/+tblR2/quadrant_streaming.m:1; project/lib/+tblR2/quadrant_streaming.m:5; project/lib/+tblR2/quadrant_streaming.m:6; project/lib/+tblR2/quadrant_streaming.m:7; project/lib/+tblR2/quadrant_streaming.m:19; project/lib/+tblR2/quadrant_streaming.m:20; project/lib/+tblR2/quadrant_streaming.m:50,用户可调（消费者和本case模式生效时）,参数区,
baseline,cfg.schema_version,project/cases/per_case/tandem_baseline_r2/tandem_baseline_r2_case.m:16,2,2,2,相同,project/lib/+tblR2/section4_vlsm_analysis.m:303; project/lib/+d23/initialize_run.m:28,身份或派生字段；非日常科学参数,参数区,
baseline,cfg.case_id,project/cases/per_case/tandem_baseline_r2/tandem_baseline_r2_case.m:17,'per_case/tandem_baseline_r2',"""per_case/tandem_baseline_r2""","""per_case/tandem_baseline_r2""",相同,project/lib/+tblR2/load_result.m:15; project/lib/+tblR2/save_result.m:5; project/lib/+tblR2/prepare_sequence_cache.m:243; project/lib/+tblR2/prepare_sequence_cache.m:344; project/lib/+tblR2/write_case_card.m:8; project/lib/+tblR2/transport_statistics.m:41; project/lib/+tblR2/transport_statistics.m:42; project/lib/+tblR2/section5_run.m:35,身份或派生字段；非日常科学参数,参数区,
baseline,cfg.case_type,project/cases/per_case/tandem_baseline_r2/tandem_baseline_r2_case.m:18,'baseline',"""baseline""","""baseline""",相同,project/lib/+tblR2/structure_analysis_cache.m:116; project/lib/+tblR2/structure_analysis_cache.m:222; project/lib/+tblR2/structure_analysis_cache.m:320; project/lib/+tblR2/structure_analysis_cache.m:471; project/lib/+tblR2/write_case_card.m:8; project/lib/+tblR2/section5_run.m:76; project/lib/+tblR2/section5_run.m:79; project/lib/+tblR2/streamwise_development_analysis.m:50,身份或派生字段；非日常科学参数,参数区,
baseline,cfg.name,project/cases/per_case/tandem_baseline_r2/tandem_baseline_r2_case.m:19,'串列基准工况精简版 r2',"""串列基准工况精简版 r2""","""串列基准工况精简版 r2""",相同,project/lib/+tblR2/write_case_card.m:7; project/lib/+tblR2/plot_core_products.m:2294; project/lib/+tblR2/plot_core_products.m:2295,用户可调（消费者和本case模式生效时）,参数区,
baseline,cfg.script_file,project/cases/per_case/tandem_baseline_r2/tandem_baseline_r2_case.m:20,script_file,"""<动态表达式；以 expression 列为准>""","""D:\\Users\\Frank_7840HSw\\Desktop\\202605实验快反计算\\Current_Plate_Calculation\\cases\\per_case\\tandem_baseline_r2\\tandem_baseline_r2_case""",未作值相等断言,project/lib/+tblR2/ensure_external_toolboxes.m:10; project/lib/+tblR2/ensure_external_toolboxes.m:11; project/lib/+tblR2/section4_vlsm_analysis.m:835,身份或派生字段；非日常科学参数,参数区,
baseline,cfg.output_dir,project/cases/per_case/tandem_baseline_r2/tandem_baseline_r2_case.m:22,"fullfile(repo_root, 'cases', 'per_case', 'tandem_baseline_r2', 'output')","""<动态表达式；以 expression 列为准>""","""D:\\Users\\Frank_7840HSw\\Desktop\\202605实验快反计算\\Current_Plate_Calculation\\cases\\per_case\\tandem_baseline_r2\\output""",未作值相等断言,project/lib/+tblR2/section4_vlsm_analysis.m:173; project/lib/+tblR2/section4_vlsm_analysis.m:293; project/lib/+tblR2/section4_vlsm_analysis.m:294; project/lib/+tblR2/section4_vlsm_analysis.m:295,身份或派生字段；非日常科学参数,参数区,
baseline,cfg.stages,project/cases/per_case/tandem_baseline_r2/tandem_baseline_r2_case.m:25,struct(),{},"{""cache"": ""reuse"", ""statistics"": ""reuse"", ""mean_bl"": ""reuse"", ""phase"": ""skip"", ""structures"": ""compute"", ""transport"": ""skip"", ""temporal"": ""skip"", ""spatial"": ""skip"", ""pod"": ""skip"", ""dmd"": ""skip"", ""lcs"": ""skip"", ""spod"": ""skip"", ""correlations"": ""skip"", ""harmonics"": ""skip"", ""figures"": ""skip""}",未作值相等断言,project/lib/+tblR2/mean_stats_cache.m:57; project/lib/+tblR2/prepare_sequence_cache.m:46; project/lib/+tblR2/prepare_sequence_cache.m:47; project/lib/+tblR2/prepare_sequence_cache.m:306; project/lib/+tblR2/prepare_sequence_cache.m:323; project/lib/+tblR2/prepare_sequence_cache.m:328; project/lib/+tblR2/prepare_sequence_cache.m:357; project/lib/+tblR2/prepare_sequence_cache.m:392,配置容器/初值复制；请改叶字段,参数区,
baseline,cfg.stages.cache,project/cases/per_case/tandem_baseline_r2/tandem_baseline_r2_case.m:27,'reuse',"""reuse""","""reuse""",相同,project/lib/+tblR2/mean_stats_cache.m:57; project/lib/+tblR2/prepare_sequence_cache.m:47; project/lib/+tblR2/prepare_sequence_cache.m:306; project/lib/+tblR2/prepare_sequence_cache.m:323; project/lib/+tblR2/prepare_sequence_cache.m:328; project/lib/+tblR2/prepare_sequence_cache.m:357; project/lib/+tblR2/prepare_sequence_cache.m:392,用户可调（消费者和本case模式生效时）,参数区,
baseline,cfg.stages.statistics,project/cases/per_case/tandem_baseline_r2/tandem_baseline_r2_case.m:28,'reuse',"""reuse""","""reuse""",相同,主脚本对应节 compute/reuse/skip 分支（按调用组定位，非逐字段动态覆盖证明）,用户可调（消费者和本case模式生效时）,参数区,
baseline,cfg.stages.mean_bl,project/cases/per_case/tandem_baseline_r2/tandem_baseline_r2_case.m:29,'reuse',"""reuse""","""reuse""",相同,主脚本对应节 compute/reuse/skip 分支（按调用组定位，非逐字段动态覆盖证明）,用户可调（消费者和本case模式生效时）,参数区,
baseline,cfg.stages.phase,project/cases/per_case/tandem_baseline_r2/tandem_baseline_r2_case.m:30,'skip',"""skip""","""skip""",相同,project/lib/+tblR2/write_case_card.m:11; project/lib/+tblR2/validate_config.m:83; project/lib/+tblR2/validate_config.m:87,用户可调（消费者和本case模式生效时）,参数区,
baseline,cfg.stages.structures,project/cases/per_case/tandem_baseline_r2/tandem_baseline_r2_case.m:31,'compute',"""compute""","""compute""",相同,主脚本对应节 compute/reuse/skip 分支（按调用组定位，非逐字段动态覆盖证明）,用户可调（消费者和本case模式生效时）,参数区,
baseline,cfg.stages.transport,project/cases/per_case/tandem_baseline_r2/tandem_baseline_r2_case.m:32,'skip',"""skip""","""skip""",相同,主脚本对应节 compute/reuse/skip 分支（按调用组定位，非逐字段动态覆盖证明）,用户可调（消费者和本case模式生效时）,参数区,
baseline,cfg.stages.temporal,project/cases/per_case/tandem_baseline_r2/tandem_baseline_r2_case.m:33,'skip',"""skip""","""skip""",相同,主脚本对应节 compute/reuse/skip 分支（按调用组定位，非逐字段动态覆盖证明）,用户可调（消费者和本case模式生效时）,参数区,
baseline,cfg.stages.spatial,project/cases/per_case/tandem_baseline_r2/tandem_baseline_r2_case.m:34,'skip',"""skip""","""skip""",相同,主脚本对应节 compute/reuse/skip 分支（按调用组定位，非逐字段动态覆盖证明）,用户可调（消费者和本case模式生效时）,参数区,
baseline,cfg.stages.pod,project/cases/per_case/tandem_baseline_r2/tandem_baseline_r2_case.m:35,'skip',"""skip""","""skip""",相同,主脚本对应节 compute/reuse/skip 分支（按调用组定位，非逐字段动态覆盖证明）,用户可调（消费者和本case模式生效时）,参数区,
baseline,cfg.stages.dmd,project/cases/per_case/tandem_baseline_r2/tandem_baseline_r2_case.m:36,'skip',"""skip""","""skip""",相同,project/lib/+tblR2/ensure_external_toolboxes.m:18; project/lib/+tblR2/dmd_module.m:78,用户可调（消费者和本case模式生效时）,参数区,
baseline,cfg.stages.lcs,project/cases/per_case/tandem_baseline_r2/tandem_baseline_r2_case.m:37,'skip',"""skip""","""skip""",相同,主脚本对应节 compute/reuse/skip 分支（按调用组定位，非逐字段动态覆盖证明）,用户可调（消费者和本case模式生效时）,参数区,
baseline,cfg.stages.spod,project/cases/per_case/tandem_baseline_r2/tandem_baseline_r2_case.m:38,'skip',"""skip""","""skip""",相同,project/lib/+tblR2/ensure_external_toolboxes.m:20,用户可调（消费者和本case模式生效时）,参数区,
baseline,cfg.stages.correlations,project/cases/per_case/tandem_baseline_r2/tandem_baseline_r2_case.m:39,'skip',"""skip""","""skip""",相同,主脚本对应节 compute/reuse/skip 分支（按调用组定位，非逐字段动态覆盖证明）,用户可调（消费者和本case模式生效时）,参数区,
baseline,cfg.stages.harmonics,project/cases/per_case/tandem_baseline_r2/tandem_baseline_r2_case.m:40,'skip',"""skip""","""skip""",相同,主脚本对应节 compute/reuse/skip 分支（按调用组定位，非逐字段动态覆盖证明）,用户可调（消费者和本case模式生效时）,参数区,
baseline,cfg.stages.figures,project/cases/per_case/tandem_baseline_r2/tandem_baseline_r2_case.m:41,'skip',"""skip""","""skip""",相同,主脚本对应节 compute/reuse/skip 分支（按调用组定位，非逐字段动态覆盖证明）,用户可调（消费者和本case模式生效时）,参数区,
baseline,cfg.wall_side,project/cases/per_case/tandem_baseline_r2/tandem_baseline_r2_case.m:44,'top',"""top""","""top""",相同,project/lib/+tblR2/prepare_sequence_cache.m:165; project/lib/+tblR2/prepare_sequence_cache.m:194; project/lib/+tblR2/prepare_sequence_cache.m:211; project/lib/+tblR2/prepare_sequence_cache.m:256; project/lib/+tblR2/prepare_sequence_cache.m:348; project/lib/+tblR2/validate_config.m:113; project/lib/+tblR2/validate_config.m:115,用户可调（消费者和本case模式生效时）,参数区,
baseline,cfg.grid_size,project/cases/per_case/tandem_baseline_r2/tandem_baseline_r2_case.m:45,[640 91],"[640, 91]","[640, 91]",相同,project/lib/+tblR2/load_result.m:17; project/lib/+tblR2/save_result.m:7; project/lib/+tblR2/prepare_sequence_cache.m:164; project/lib/+tblR2/prepare_sequence_cache.m:168; project/lib/+tblR2/prepare_sequence_cache.m:171; project/lib/+tblR2/prepare_sequence_cache.m:182; project/lib/+tblR2/prepare_sequence_cache.m:193; project/lib/+tblR2/prepare_sequence_cache.m:210,用户可调（消费者和本case模式生效时）,参数区,
baseline,cfg.fs,project/cases/per_case/tandem_baseline_r2/tandem_baseline_r2_case.m:46,960,960,960,相同,project/lib/+tblR2/temporal_spectra_cache.m:46; project/lib/+tblR2/temporal_spectra_cache.m:73; project/lib/+tblR2/temporal_spectra_cache.m:75; project/lib/+tblR2/temporal_spectra_cache.m:126; project/lib/+tblR2/load_result.m:18; project/lib/+tblR2/save_result.m:7; project/lib/+tblR2/prepare_sequence_cache.m:266; project/lib/+tblR2/prepare_sequence_cache.m:346,用户可调（消费者和本case模式生效时）,参数区,
baseline,cfg.Uinf,project/cases/per_case/tandem_baseline_r2/tandem_baseline_r2_case.m:47,25,25,25,相同,project/lib/+tblR2/mean_bl_friction.m:39; project/lib/+tblR2/mean_bl_friction.m:54; project/lib/+tblR2/section4_vlsm_figures.m:204; project/lib/+tblR2/plot_core_products.m:2285; project/lib/+tblR2/plot_core_products.m:2286; project/lib/+tblR2/plot_core_products.m:2287; project/lib/+tblR2/plot_core_products.m:2288; project/lib/+tblR2/section4_vlsm_analysis.m:360,用户可调（消费者和本case模式生效时）,参数区,
baseline,cfg.nu,project/cases/per_case/tandem_baseline_r2/tandem_baseline_r2_case.m:48,1.48e-5,1.48e-05,1.48e-05,相同,project/lib/+tblR2/mean_bl_friction.m:39; project/lib/+tblR2/mean_bl_friction.m:54; project/lib/+tblR2/mean_bl_friction.m:116; project/lib/+tblR2/mean_bl_friction.m:153; project/lib/+tblR2/temporal_spectra_cache.m:86; project/lib/+tblR2/section4_vlsm_analysis.m:312; project/lib/+tblR2/+vlsmpod/prepare_context.m:64; project/lib/+tblR2/+vlsmpod/prepare_context.m:65,用户可调（消费者和本case模式生效时）,参数区,
baseline,cfg.rho,project/cases/per_case/tandem_baseline_r2/tandem_baseline_r2_case.m:49,1.20,1.2,1.2,相同,project/lib/+tblR2/mean_bl_friction.m:153,用户可调（消费者和本case模式生效时）,参数区,
baseline,cfg.D_mm,project/cases/per_case/tandem_baseline_r2/tandem_baseline_r2_case.m:50,30,30,30,相同,主脚本或动态字段消费者；未穷尽静态追踪（按调用组定位，非逐字段动态覆盖证明）,用户可调（消费者和本case模式生效时）,参数区,
baseline,cfg.x_max,project/cases/per_case/tandem_baseline_r2/tandem_baseline_r2_case.m:51,328,328,328,相同,project/lib/+tblR2/mean_bl_friction.m:25; project/lib/+tblR2/mean_bl_friction.m:139,用户可调（消费者和本case模式生效时）,参数区,
baseline,cfg.min_valid_fraction,project/cases/per_case/tandem_baseline_r2/tandem_baseline_r2_case.m:52,0.70,0.7,0.7,相同,project/lib/+tblR2/section5_run.m:76; project/lib/+tblR2/validate_config.m:32; project/lib/+d23/joint_pod_array.m:16; project/lib/+d23/build_pod_cache.m:13; project/lib/+d23/build_pod_cache.m:111; project/lib/+d23/build_pod_cache.m:303,用户可调（消费者和本case模式生效时）,参数区,
baseline,cfg.rebuild_cache,project/cases/per_case/tandem_baseline_r2/tandem_baseline_r2_case.m:53,false,false,0,相同（数值类型表示差异）,project/lib/+tblR2/prepare_sequence_cache.m:88,重复入口；当前值按 stages.cache 在执行段派生覆盖,参数区,
baseline,cfg.frame_offset,project/cases/per_case/tandem_baseline_r2/tandem_baseline_r2_case.m:56,0,0,0,相同,project/lib/+tblR2/prepare_sequence_cache.m:61; project/lib/+tblR2/prepare_sequence_cache.m:142; project/lib/+tblR2/prepare_sequence_cache.m:338; project/lib/+tblR2/validate_config.m:29,用户可调（消费者和本case模式生效时）,参数区,
baseline,cfg.n_frames,project/cases/per_case/tandem_baseline_r2/tandem_baseline_r2_case.m:57,6000,6000,6000,相同,project/lib/+tblR2/load_result.m:16; project/lib/+tblR2/save_result.m:6; project/lib/+tblR2/prepare_sequence_cache.m:76; project/lib/+tblR2/prepare_sequence_cache.m:135; project/lib/+tblR2/prepare_sequence_cache.m:138; project/lib/+tblR2/prepare_sequence_cache.m:142; project/lib/+tblR2/prepare_sequence_cache.m:144; project/lib/+tblR2/prepare_sequence_cache.m:151,用户可调（消费者和本case模式生效时）,参数区,
baseline,cfg.total_frames,project/cases/per_case/tandem_baseline_r2/tandem_baseline_r2_case.m:58,2 * cfg.n_frames,12000,12000,相同,project/lib/+tblR2/save_result.m:6; project/lib/+tblR2/write_case_card.m:10; project/lib/+tblR2/pod_denoise_prepare.m:77; project/lib/+tblR2/pod_denoise_prepare_memory_friendly.m:28; project/lib/+tblR2/pod_denoise_prepare_memory_friendly.m:29; project/lib/+tblR2/pod_denoise_prepare_memory_friendly.m:34; project/lib/+tblR2/validate_config.m:105; project/lib/+tblR2/section4_vlsm_analysis.m:31,身份或派生字段；非日常科学参数,参数区,
baseline,cfg.formal_required_frames,project/cases/per_case/tandem_baseline_r2/tandem_baseline_r2_case.m:59,6000,6000,6000,相同,主脚本或动态字段消费者；未穷尽静态追踪（按调用组定位，非逐字段动态覆盖证明）,用户可调（消费者和本case模式生效时）,参数区,
baseline,cfg.allow_debug_snapshot,project/cases/per_case/tandem_baseline_r2/tandem_baseline_r2_case.m:60,false,false,0,相同（数值类型表示差异）,主脚本或动态字段消费者；未穷尽静态追踪（按调用组定位，非逐字段动态覆盖证明）,用户可调（消费者和本case模式生效时）,参数区,
baseline,cfg.chunk_frames,project/cases/per_case/tandem_baseline_r2/tandem_baseline_r2_case.m:61,48,48,48,相同,project/lib/+tblR2/quadrant_streaming.m:50; project/lib/+tblR2/quadrant_streaming.m:51; project/lib/+tblR2/structure_analysis_cache.m:48; project/lib/+tblR2/prepare_sequence_cache.m:162; project/lib/+tblR2/prepare_sequence_cache.m:191; project/lib/+tblR2/prepare_sequence_cache.m:207; project/lib/+tblR2/prepare_sequence_cache.m:208; project/lib/+tblR2/spatial_spectra_cache.m:103,用户可调（消费者和本case模式生效时）,参数区,
baseline,cfg.sources,project/cases/per_case/tandem_baseline_r2/tandem_baseline_r2_case.m:62,struct(),{},"{""raw"": {""roots"": [""J:\\Export0731\\TempData0731_LinZheng\\Tandem\\Tandem_Baseline_PIV_3rd"", ""J:\\Export0731\\TempData0731_LinZheng\\Tandem\\Tandem_Baseline_PIV_2nd""], ""offsets"": [0, 0], ""ids"": [""Tandem_Baseline_PIV_3rd"", ""Tandem_Baseline_PIV_2nd""]}, ""postproc"": {""roots"": [""J:\\Export0731\\TempData0731_LinZheng\\Tandem\\Tandem_Baseline_PostProc_3rd"", ""J:\\Export0731\\TempData0731_LinZheng\\Tandem\\Tandem_Baseline_PostProc_2nd""], ""offsets"": [0, 0], ""ids"": [""Tandem_Baseline_PostProc_3rd"", ""Tandem_Baseline_PostProc_2nd""]}}",未作值相等断言,project/lib/+tblR2/prepare_sequence_cache.m:60; project/lib/+tblR2/prepare_sequence_cache.m:63; project/lib/+tblR2/prepare_sequence_cache.m:64; project/lib/+tblR2/prepare_sequence_cache.m:65; project/lib/+tblR2/prepare_sequence_cache.m:71; project/lib/+tblR2/prepare_sequence_cache.m:134; project/lib/+tblR2/prepare_sequence_cache.m:332; project/lib/+tblR2/prepare_sequence_cache.m:333,配置容器/初值复制；请改叶字段,参数区,
baseline,cfg.sources.raw,project/cases/per_case/tandem_baseline_r2/tandem_baseline_r2_case.m:63,struct(),{},"{""roots"": [""J:\\Export0731\\TempData0731_LinZheng\\Tandem\\Tandem_Baseline_PIV_3rd"", ""J:\\Export0731\\TempData0731_LinZheng\\Tandem\\Tandem_Baseline_PIV_2nd""], ""offsets"": [0, 0], ""ids"": [""Tandem_Baseline_PIV_3rd"", ""Tandem_Baseline_PIV_2nd""]}",未作值相等断言,project/lib/+tblR2/validate_config.m:109,配置容器/初值复制；请改叶字段,参数区,
baseline,cfg.sources.postproc,project/cases/per_case/tandem_baseline_r2/tandem_baseline_r2_case.m:64,struct(),{},"{""roots"": [""J:\\Export0731\\TempData0731_LinZheng\\Tandem\\Tandem_Baseline_PostProc_3rd"", ""J:\\Export0731\\TempData0731_LinZheng\\Tandem\\Tandem_Baseline_PostProc_2nd""], ""offsets"": [0, 0], ""ids"": [""Tandem_Baseline_PostProc_3rd"", ""Tandem_Baseline_PostProc_2nd""]}",未作值相等断言,tblR2.prepare_sequence_cache（实际来源初始化段后赋值）（按调用组定位，非逐字段动态覆盖证明）,配置容器/初值复制；请改叶字段,参数区,
baseline,source_root,project/cases/per_case/tandem_baseline_r2/tandem_baseline_r2_case.m:68,'J:\Export0731\TempData0731_LinZheng\Tandem',"""J:\\Export0731\\TempData0731_LinZheng\\Tandem""","""<非cfg字段>""",未作值相等断言,project/lib/+tblR2/prepare_sequence_cache.m:255; project/lib/+tblR2/prepare_sequence_cache.m:317; project/lib/+tblR2/prepare_sequence_cache.m:345; project/lib/+tblR2/prepare_sequence_cache.m:429; project/lib/+tblR2/prepare_sequence_cache.m:437,用户可调（消费者和本case模式生效时）,参数区,
baseline,raw_source_name,project/cases/per_case/tandem_baseline_r2/tandem_baseline_r2_case.m:69,'Tandem_Baseline_PIV',"""Tandem_Baseline_PIV""","""<非cfg字段>""",未作值相等断言,主脚本或动态字段消费者；未穷尽静态追踪（按调用组定位，非逐字段动态覆盖证明）,用户可调（消费者和本case模式生效时）,参数区,
baseline,postproc_source_name,project/cases/per_case/tandem_baseline_r2/tandem_baseline_r2_case.m:70,'Tandem_Baseline_PostProc',"""Tandem_Baseline_PostProc""","""<非cfg字段>""",未作值相等断言,主脚本或动态字段消费者；未穷尽静态追踪（按调用组定位，非逐字段动态覆盖证明）,用户可调（消费者和本case模式生效时）,参数区,
baseline,cfg.statistics_source,project/cases/per_case/tandem_baseline_r2/tandem_baseline_r2_case.m:74,'raw',"""raw""","""raw""",相同,主脚本或动态字段消费者；未穷尽静态追踪（按调用组定位，非逐字段动态覆盖证明）,用户可调（消费者和本case模式生效时）,参数区,
baseline,cfg.statistics_frame_mode,project/cases/per_case/tandem_baseline_r2/tandem_baseline_r2_case.m:75,'all',"""all""","""all""",相同,project/lib/+tblR2/section5_run.m:12; project/lib/+tblR2/section5_run.m:78,用户可调（消费者和本case模式生效时）,参数区,
baseline,cfg.profile,project/cases/per_case/tandem_baseline_r2/tandem_baseline_r2_case.m:78,struct(),{},"{""mode"": ""range_avg"", ""params"": [80, 180], ""U_inf_n_top"": 5}",未作值相等断言,project/lib/+tblR2/mean_bl_friction.m:28; project/lib/+tblR2/mean_bl_friction.m:35; project/lib/+tblR2/mean_bl_friction.m:36; project/lib/+tblR2/mean_bl_friction.m:37; project/lib/+tblR2/mean_bl_friction.m:65; project/lib/+tblR2/mean_bl_friction.m:72; project/lib/+tblR2/range_average_profiles.m:11; project/lib/+tblR2/range_average_profiles.m:41,配置容器/初值复制；请改叶字段,参数区,
baseline,cfg.profile.mode,project/cases/per_case/tandem_baseline_r2/tandem_baseline_r2_case.m:79,'range_avg',"""range_avg""","""range_avg""",相同,project/lib/+tblR2/mean_bl_friction.m:28; project/lib/+tblR2/mean_bl_friction.m:36; project/lib/+tblR2/range_average_profiles.m:41; project/lib/+tblR2/range_average_profiles.m:69,用户可调（消费者和本case模式生效时）,参数区,
baseline,cfg.profile.params,project/cases/per_case/tandem_baseline_r2/tandem_baseline_r2_case.m:80,[80 180],"[80, 180]","[80, 180]",相同,project/lib/+tblR2/mean_bl_friction.m:28; project/lib/+tblR2/mean_bl_friction.m:37; project/lib/+tblR2/range_average_profiles.m:42; project/lib/+tblR2/range_average_profiles.m:47,用户可调（消费者和本case模式生效时）,参数区,
baseline,cfg.profile.U_inf_n_top,project/cases/per_case/tandem_baseline_r2/tandem_baseline_r2_case.m:81,5,5,5,相同,project/lib/+tblR2/mean_bl_friction.m:35; project/lib/+tblR2/mean_bl_friction.m:65; project/lib/+tblR2/mean_bl_friction.m:72,用户可调（消费者和本case模式生效时）,参数区,
baseline,cfg.loglaw,project/cases/per_case/tandem_baseline_r2/tandem_baseline_r2_case.m:84,struct(),{},"{""mode"": ""auto"", ""skip_nearwall"": 0, ""rmse_yplus_range"": [100, 400], ""params"": {""kappa"": 0.4, ""B"": 5, ""dy_h"": 1, ""Cfnum"": 12}, ""applicability"": {""min_y_plus"": 30, ""max_y_over_delta"": 0.15, ""relative_target_tolerance"": 0.1, ""max_method_difference"": 0.15, ""min_contiguous_points"": 5, ""min_log10_span"": 1}}",未作值相等断言,project/lib/+tblR2/mean_bl_friction.m:21; project/lib/+tblR2/mean_bl_friction.m:31; project/lib/+tblR2/mean_bl_friction.m:32; project/lib/+tblR2/mean_bl_friction.m:33; project/lib/+tblR2/mean_bl_friction.m:34; project/lib/+tblR2/mean_bl_friction.m:44,配置容器/初值复制；请改叶字段,参数区,
baseline,cfg.loglaw.mode,project/cases/per_case/tandem_baseline_r2/tandem_baseline_r2_case.m:85,'auto',"""auto""","""auto""",相同,project/lib/+tblR2/mean_bl_friction.m:31,用户可调（消费者和本case模式生效时）,参数区,
baseline,cfg.loglaw.skip_nearwall,project/cases/per_case/tandem_baseline_r2/tandem_baseline_r2_case.m:86,0,0,0,相同,project/lib/+tblR2/mean_bl_friction.m:33,用户可调（消费者和本case模式生效时）,参数区,
baseline,cfg.loglaw.rmse_yplus_range,project/cases/per_case/tandem_baseline_r2/tandem_baseline_r2_case.m:87,[100 400],"[100, 400]","[100, 400]",相同,project/lib/+tblR2/mean_bl_friction.m:34,用户可调（消费者和本case模式生效时）,参数区,
baseline,cfg.loglaw.params,project/cases/per_case/tandem_baseline_r2/tandem_baseline_r2_case.m:88,struct(),{},"{""kappa"": 0.4, ""B"": 5, ""dy_h"": 1, ""Cfnum"": 12}",未作值相等断言,project/lib/+tblR2/mean_bl_friction.m:21; project/lib/+tblR2/mean_bl_friction.m:32; project/lib/+tblR2/mean_bl_friction.m:44,配置容器/初值复制；请改叶字段,参数区,
baseline,cfg.loglaw.params.kappa,project/cases/per_case/tandem_baseline_r2/tandem_baseline_r2_case.m:89,0.40,0.4,0.4,相同,tblR2.mean_bl_friction -> tblR2.bl.loglaw_fit_chen（按调用组定位，非逐字段动态覆盖证明）,用户可调（消费者和本case模式生效时）,参数区,
baseline,cfg.loglaw.params.B,project/cases/per_case/tandem_baseline_r2/tandem_baseline_r2_case.m:90,5.0,5.0,5,相同（数值类型表示差异）,tblR2.mean_bl_friction -> tblR2.bl.loglaw_fit_chen（按调用组定位，非逐字段动态覆盖证明）,用户可调（消费者和本case模式生效时）,参数区,
baseline,cfg.loglaw.params.dy_h,project/cases/per_case/tandem_baseline_r2/tandem_baseline_r2_case.m:91,1.0,1.0,1,相同（数值类型表示差异）,project/lib/+tblR2/mean_bl_friction.m:21; project/lib/+tblR2/mean_bl_friction.m:44,用户可调（消费者和本case模式生效时）,参数区,
baseline,cfg.loglaw.params.Cfnum,project/cases/per_case/tandem_baseline_r2/tandem_baseline_r2_case.m:92,12,12,12,相同,tblR2.mean_bl_friction -> tblR2.bl.loglaw_fit_chen（按调用组定位，非逐字段动态覆盖证明）,用户可调（消费者和本case模式生效时）,参数区,
baseline,cfg.loglaw.applicability,project/cases/per_case/tandem_baseline_r2/tandem_baseline_r2_case.m:93,struct(),{},"{""min_y_plus"": 30, ""max_y_over_delta"": 0.15, ""relative_target_tolerance"": 0.1, ""max_method_difference"": 0.15, ""min_contiguous_points"": 5, ""min_log10_span"": 1}",未作值相等断言,tblR2.mean_bl_friction -> tblR2.bl.loglaw_fit_chen（按调用组定位，非逐字段动态覆盖证明）,配置容器/初值复制；请改叶字段,参数区,
baseline,cfg.loglaw.applicability.min_y_plus,project/cases/per_case/tandem_baseline_r2/tandem_baseline_r2_case.m:95,30,30,30,相同,tblR2.mean_bl_friction -> tblR2.bl.loglaw_fit_chen（按调用组定位，非逐字段动态覆盖证明）,用户可调（消费者和本case模式生效时）,参数区,
baseline,cfg.loglaw.applicability.max_y_over_delta,project/cases/per_case/tandem_baseline_r2/tandem_baseline_r2_case.m:96,0.15,0.15,0.15,相同,tblR2.mean_bl_friction -> tblR2.bl.loglaw_fit_chen（按调用组定位，非逐字段动态覆盖证明）,用户可调（消费者和本case模式生效时）,参数区,
baseline,cfg.loglaw.applicability.relative_target_tolerance,project/cases/per_case/tandem_baseline_r2/tandem_baseline_r2_case.m:97,0.10,0.1,0.1,相同,tblR2.mean_bl_friction -> tblR2.bl.loglaw_fit_chen（按调用组定位，非逐字段动态覆盖证明）,用户可调（消费者和本case模式生效时）,参数区,
baseline,cfg.loglaw.applicability.max_method_difference,project/cases/per_case/tandem_baseline_r2/tandem_baseline_r2_case.m:98,0.15,0.15,0.15,相同,tblR2.mean_bl_friction -> tblR2.bl.loglaw_fit_chen（按调用组定位，非逐字段动态覆盖证明）,用户可调（消费者和本case模式生效时）,参数区,
baseline,cfg.loglaw.applicability.min_contiguous_points,project/cases/per_case/tandem_baseline_r2/tandem_baseline_r2_case.m:99,5,5,5,相同,tblR2.mean_bl_friction -> tblR2.bl.loglaw_fit_chen（按调用组定位，非逐字段动态覆盖证明）,用户可调（消费者和本case模式生效时）,参数区,
baseline,cfg.loglaw.applicability.min_log10_span,project/cases/per_case/tandem_baseline_r2/tandem_baseline_r2_case.m:100,1.0,1.0,1,相同（数值类型表示差异）,tblR2.mean_bl_friction -> tblR2.bl.loglaw_fit_chen（按调用组定位，非逐字段动态覆盖证明）,用户可调（消费者和本case模式生效时）,参数区,
baseline,cfg.modern_clauser,project/cases/per_case/tandem_baseline_r2/tandem_baseline_r2_case.m:103,struct(),{},"{""enabled"": 1, ""method"": ""rodriguez_lopez_2015_constrained_bump1"", ""kappa"": 0.384, ""B"": 4.17, ""dy_h"": 1, ""skip_nearwall"": 1, ""U_inf_n_top"": 5, ""enable_bump"": 1, ""inner_step_yplus"": 0.01, ""pi_initial"": 0.2, ""pi_bounds"": [0, 2], ""u_tau_scale_bounds"": [0.5, 1.8], ""delta_scale_bounds"": [0.5, 2.0], ""minimum_points"": 10, ""max_iterations"": 400, ""max_function_evaluations"": 1600, ""tolerance"": 1e-07}",未作值相等断言,project/lib/+tblR2/mean_bl_friction.m:179; project/lib/+tblR2/mean_bl_friction.m:180; project/lib/+tblR2/mean_bl_friction.m:205,配置容器/初值复制；请改叶字段,参数区,
baseline,cfg.modern_clauser.enabled,project/cases/per_case/tandem_baseline_r2/tandem_baseline_r2_case.m:104,true,true,1,相同（数值类型表示差异）,project/lib/+tblR2/mean_bl_friction.m:205,用户可调（消费者和本case模式生效时）,参数区,
baseline,cfg.modern_clauser.method,project/cases/per_case/tandem_baseline_r2/tandem_baseline_r2_case.m:105,'rodriguez_lopez_2015_constrained_bump1',"""rodriguez_lopez_2015_constrained_bump1""","""rodriguez_lopez_2015_constrained_bump1""",相同,tblR2.mean_bl_friction -> tblR2.bl.composite_profile_fit_rodriguez_lopez（按调用组定位，非逐字段动态覆盖证明）,用户可调（消费者和本case模式生效时）,参数区,
baseline,cfg.modern_clauser.kappa,project/cases/per_case/tandem_baseline_r2/tandem_baseline_r2_case.m:106,0.384,0.384,0.384,相同,tblR2.mean_bl_friction -> tblR2.bl.composite_profile_fit_rodriguez_lopez（按调用组定位，非逐字段动态覆盖证明）,用户可调（消费者和本case模式生效时）,参数区,
baseline,cfg.modern_clauser.B,project/cases/per_case/tandem_baseline_r2/tandem_baseline_r2_case.m:107,4.17,4.17,4.17,相同,tblR2.mean_bl_friction -> tblR2.bl.composite_profile_fit_rodriguez_lopez（按调用组定位，非逐字段动态覆盖证明）,用户可调（消费者和本case模式生效时）,参数区,
baseline,cfg.modern_clauser.dy_h,project/cases/per_case/tandem_baseline_r2/tandem_baseline_r2_case.m:108,1.0,1.0,1,相同（数值类型表示差异）,tblR2.mean_bl_friction -> tblR2.bl.composite_profile_fit_rodriguez_lopez（按调用组定位，非逐字段动态覆盖证明）,用户可调（消费者和本case模式生效时）,参数区,
baseline,cfg.modern_clauser.skip_nearwall,project/cases/per_case/tandem_baseline_r2/tandem_baseline_r2_case.m:109,1,1,1,相同,tblR2.mean_bl_friction -> tblR2.bl.composite_profile_fit_rodriguez_lopez（按调用组定位，非逐字段动态覆盖证明）,用户可调（消费者和本case模式生效时）,参数区,
baseline,cfg.modern_clauser.U_inf_n_top,project/cases/per_case/tandem_baseline_r2/tandem_baseline_r2_case.m:110,5,5,5,相同,tblR2.mean_bl_friction -> tblR2.bl.composite_profile_fit_rodriguez_lopez（按调用组定位，非逐字段动态覆盖证明）,用户可调（消费者和本case模式生效时）,参数区,
baseline,cfg.modern_clauser.enable_bump,project/cases/per_case/tandem_baseline_r2/tandem_baseline_r2_case.m:111,true,true,1,相同（数值类型表示差异）,tblR2.mean_bl_friction -> tblR2.bl.composite_profile_fit_rodriguez_lopez（按调用组定位，非逐字段动态覆盖证明）,用户可调（消费者和本case模式生效时）,参数区,
baseline,cfg.modern_clauser.inner_step_yplus,project/cases/per_case/tandem_baseline_r2/tandem_baseline_r2_case.m:112,0.01,0.01,0.01,相同,tblR2.mean_bl_friction -> tblR2.bl.composite_profile_fit_rodriguez_lopez（按调用组定位，非逐字段动态覆盖证明）,用户可调（消费者和本case模式生效时）,参数区,
baseline,cfg.modern_clauser.pi_initial,project/cases/per_case/tandem_baseline_r2/tandem_baseline_r2_case.m:113,0.20,0.2,0.2,相同,tblR2.mean_bl_friction -> tblR2.bl.composite_profile_fit_rodriguez_lopez（按调用组定位，非逐字段动态覆盖证明）,用户可调（消费者和本case模式生效时）,参数区,
baseline,cfg.modern_clauser.pi_bounds,project/cases/per_case/tandem_baseline_r2/tandem_baseline_r2_case.m:114,[0 2],"[0, 2]","[0, 2]",相同,tblR2.mean_bl_friction -> tblR2.bl.composite_profile_fit_rodriguez_lopez（按调用组定位，非逐字段动态覆盖证明）,用户可调（消费者和本case模式生效时）,参数区,
baseline,cfg.modern_clauser.u_tau_scale_bounds,project/cases/per_case/tandem_baseline_r2/tandem_baseline_r2_case.m:115,[0.5 1.8],"[0.5, 1.8]","[0.5, 1.8]",相同,tblR2.mean_bl_friction -> tblR2.bl.composite_profile_fit_rodriguez_lopez（按调用组定位，非逐字段动态覆盖证明）,用户可调（消费者和本case模式生效时）,参数区,
baseline,cfg.modern_clauser.delta_scale_bounds,project/cases/per_case/tandem_baseline_r2/tandem_baseline_r2_case.m:116,[0.5 2.0],"[0.5, 2.0]","[0.5, 2.0]",相同,tblR2.mean_bl_friction -> tblR2.bl.composite_profile_fit_rodriguez_lopez（按调用组定位，非逐字段动态覆盖证明）,用户可调（消费者和本case模式生效时）,参数区,
baseline,cfg.modern_clauser.minimum_points,project/cases/per_case/tandem_baseline_r2/tandem_baseline_r2_case.m:117,10,10,10,相同,tblR2.mean_bl_friction -> tblR2.bl.composite_profile_fit_rodriguez_lopez（按调用组定位，非逐字段动态覆盖证明）,用户可调（消费者和本case模式生效时）,参数区,
baseline,cfg.modern_clauser.max_iterations,project/cases/per_case/tandem_baseline_r2/tandem_baseline_r2_case.m:118,400,400,400,相同,tblR2.mean_bl_friction -> tblR2.bl.composite_profile_fit_rodriguez_lopez（按调用组定位，非逐字段动态覆盖证明）,用户可调（消费者和本case模式生效时）,参数区,
baseline,cfg.modern_clauser.max_function_evaluations,project/cases/per_case/tandem_baseline_r2/tandem_baseline_r2_case.m:119,1600,1600,1600,相同,tblR2.mean_bl_friction -> tblR2.bl.composite_profile_fit_rodriguez_lopez（按调用组定位，非逐字段动态覆盖证明）,用户可调（消费者和本case模式生效时）,参数区,
baseline,cfg.modern_clauser.tolerance,project/cases/per_case/tandem_baseline_r2/tandem_baseline_r2_case.m:120,1e-7,1e-07,1e-07,相同,tblR2.mean_bl_friction -> tblR2.bl.composite_profile_fit_rodriguez_lopez（按调用组定位，非逐字段动态覆盖证明）,用户可调（消费者和本case模式生效时）,参数区,
baseline,cfg.normalization,project/cases/per_case/tandem_baseline_r2/tandem_baseline_r2_case.m:123,struct(),{},"{""u_tau_source"": ""local_loglaw"", ""baseline_u_tau"": 0.95}",未作值相等断言,project/lib/+tblR2/+singlecase/select_u_tau.m:5; project/lib/+tblR2/+singlecase/select_u_tau.m:6,配置容器/初值复制；请改叶字段,参数区,
baseline,cfg.normalization.u_tau_source,project/cases/per_case/tandem_baseline_r2/tandem_baseline_r2_case.m:124,'local_loglaw',"""local_loglaw""","""local_loglaw""",相同,project/lib/+tblR2/+singlecase/select_u_tau.m:5,用户可调（消费者和本case模式生效时）,参数区,
baseline,cfg.normalization.baseline_u_tau,project/cases/per_case/tandem_baseline_r2/tandem_baseline_r2_case.m:125,0.95,0.95,0.95,相同,project/lib/+tblR2/+singlecase/select_u_tau.m:6,用户可调（消费者和本case模式生效时）,参数区,
baseline,cfg.friction,project/cases/per_case/tandem_baseline_r2/tandem_baseline_r2_case.m:128,struct(),{},"{""enable_pressure_gradient"": 0, ""secant_theta_source"": ""p_smooth"", ""thickness_smoothing_gap_mode"": ""separate_segments"", ""local_momentum_theta_source"": ""shared_thickness_p_smooth"", ""rbf_epsilon_scale"": 1.2, ""hole_thresholds"": [0, 1, 2], ""system_secant"": {""upstream_mode"": ""range_mean"", ""upstream_range"": [80, 90], ""x_end"": [160, 240, 320]}, ""momentum"": {""enabled"": 1, ""Ue_pre_smooth_p"": 1e-07, ""pre_smooth_p"": 1e-07, ""consistency_warn_pct"": 10}, ""quality"": {""p_grid"": [0.0, 0.683772233983162, 0.9, 0.9683772233983162, 0.99, 0.9968377223398316, 0.999, 0.9996837722339832, 0.9999, 0.9999683772233983, 0.99999], ""tolerance_pct"": 10, ""x_min"": 80, ""x_max"": 328}}",未作值相等断言,project/lib/+tblR2/quadrant_streaming.m:5; project/lib/+tblR2/quadrant_streaming.m:6; project/lib/+tblR2/quadrant_streaming.m:7; project/lib/+tblR2/mean_bl_friction.m:69; project/lib/+tblR2/mean_bl_friction.m:70; project/lib/+tblR2/mean_bl_friction.m:73; project/lib/+tblR2/mean_bl_friction.m:75; project/lib/+tblR2/mean_bl_friction.m:125,配置容器/初值复制；请改叶字段,参数区,
baseline,cfg.friction.enable_pressure_gradient,project/cases/per_case/tandem_baseline_r2/tandem_baseline_r2_case.m:129,0,0,0,相同,project/lib/+tblR2/mean_bl_friction.m:75,用户可调（消费者和本case模式生效时）,参数区,
baseline,cfg.friction.secant_theta_source,project/cases/per_case/tandem_baseline_r2/tandem_baseline_r2_case.m:130,'p_smooth',"""p_smooth""","""p_smooth""",相同,project/lib/+tblR2/mean_bl_friction.m:69; project/lib/+tblR2/mean_bl_friction.m:164,用户可调（消费者和本case模式生效时）,参数区,
baseline,cfg.friction.thickness_smoothing_gap_mode,project/cases/per_case/tandem_baseline_r2/tandem_baseline_r2_case.m:131,'separate_segments',"""separate_segments""","""separate_segments""",相同,project/lib/+tblR2/mean_bl_friction.m:70; project/lib/+tblR2/mean_bl_friction.m:141,用户可调（消费者和本case模式生效时）,参数区,
baseline,cfg.friction.local_momentum_theta_source,project/cases/per_case/tandem_baseline_r2/tandem_baseline_r2_case.m:132,'shared_thickness_p_smooth',"""shared_thickness_p_smooth""","""shared_thickness_p_smooth""",相同,project/lib/+tblR2/mean_bl_friction.m:140,用户可调（消费者和本case模式生效时）,参数区,
baseline,cfg.friction.rbf_epsilon_scale,project/cases/per_case/tandem_baseline_r2/tandem_baseline_r2_case.m:133,1.2,1.2,1.2,相同,project/lib/+tblR2/transport_analysis.m:14,用户可调（消费者和本case模式生效时）,参数区,
baseline,cfg.friction.hole_thresholds,project/cases/per_case/tandem_baseline_r2/tandem_baseline_r2_case.m:134,[0 1 2],"[0, 1, 2]","[0, 1, 2]",相同,project/lib/+tblR2/quadrant_streaming.m:6; project/lib/+tblR2/quadrant_streaming.m:7; project/lib/+tblR2/transport_analysis.m:26; project/lib/+tblR2/transport_analysis.m:52,用户可调（消费者和本case模式生效时）,参数区,
baseline,cfg.friction.system_secant,project/cases/per_case/tandem_baseline_r2/tandem_baseline_r2_case.m:135,struct(),{},"{""upstream_mode"": ""range_mean"", ""upstream_range"": [80, 90], ""x_end"": [160, 240, 320]}",未作值相等断言,project/lib/+tblR2/mean_bl_friction.m:125; project/lib/+tblR2/mean_bl_friction.m:134,配置容器/初值复制；请改叶字段,参数区,
baseline,cfg.friction.system_secant.upstream_mode,project/cases/per_case/tandem_baseline_r2/tandem_baseline_r2_case.m:136,'range_mean',"""range_mean""","""range_mean""",相同,tblR2.mean_bl_friction / tblR2.wall.*；hole_thresholds 与 rbf_epsilon_scale 另由 S5 读取（按调用组定位，非逐字段动态覆盖证明）,用户可调（消费者和本case模式生效时）,参数区,
baseline,cfg.friction.system_secant.upstream_range,project/cases/per_case/tandem_baseline_r2/tandem_baseline_r2_case.m:137,[80 90],"[80, 90]","[80, 90]",相同,tblR2.mean_bl_friction / tblR2.wall.*；hole_thresholds 与 rbf_epsilon_scale 另由 S5 读取（按调用组定位，非逐字段动态覆盖证明）,用户可调（消费者和本case模式生效时）,参数区,
baseline,cfg.friction.system_secant.x_end,project/cases/per_case/tandem_baseline_r2/tandem_baseline_r2_case.m:138,[160 240 320],"[160, 240, 320]","[160, 240, 320]",相同,project/lib/+tblR2/mean_bl_friction.m:134,用户可调（消费者和本case模式生效时）,参数区,
baseline,cfg.friction.momentum,project/cases/per_case/tandem_baseline_r2/tandem_baseline_r2_case.m:139,struct(),{},"{""enabled"": 1, ""Ue_pre_smooth_p"": 1e-07, ""pre_smooth_p"": 1e-07, ""consistency_warn_pct"": 10}",未作值相等断言,project/lib/+tblR2/mean_bl_friction.m:69; project/lib/+tblR2/mean_bl_friction.m:73; project/lib/+tblR2/mean_bl_friction.m:136,配置容器/初值复制；请改叶字段,参数区,
baseline,cfg.friction.momentum.enabled,project/cases/per_case/tandem_baseline_r2/tandem_baseline_r2_case.m:140,true,true,1,相同（数值类型表示差异）,tblR2.mean_bl_friction / tblR2.wall.*；hole_thresholds 与 rbf_epsilon_scale 另由 S5 读取（按调用组定位，非逐字段动态覆盖证明）,用户可调（消费者和本case模式生效时）,参数区,
baseline,cfg.friction.momentum.Ue_pre_smooth_p,project/cases/per_case/tandem_baseline_r2/tandem_baseline_r2_case.m:141,1e-7,1e-07,1e-07,相同,project/lib/+tblR2/mean_bl_friction.m:73,用户可调（消费者和本case模式生效时）,参数区,
baseline,cfg.friction.momentum.pre_smooth_p,project/cases/per_case/tandem_baseline_r2/tandem_baseline_r2_case.m:142,1e-7,1e-07,1e-07,相同,project/lib/+tblR2/mean_bl_friction.m:69,用户可调（消费者和本case模式生效时）,参数区,
baseline,cfg.friction.momentum.consistency_warn_pct,project/cases/per_case/tandem_baseline_r2/tandem_baseline_r2_case.m:143,10,10,10,相同,tblR2.mean_bl_friction / tblR2.wall.*；hole_thresholds 与 rbf_epsilon_scale 另由 S5 读取（按调用组定位，非逐字段动态覆盖证明）,用户可调（消费者和本case模式生效时）,参数区,
baseline,cfg.friction.quality,project/cases/per_case/tandem_baseline_r2/tandem_baseline_r2_case.m:144,struct(),{},"{""p_grid"": [0.0, 0.683772233983162, 0.9, 0.9683772233983162, 0.99, 0.9968377223398316, 0.999, 0.9996837722339832, 0.9999, 0.9999683772233983, 0.99999], ""tolerance_pct"": 10, ""x_min"": 80, ""x_max"": 328}",未作值相等断言,project/lib/+tblR2/mean_bl_friction.m:138; project/lib/+tblR2/mean_bl_friction.m:139; project/lib/+tblR2/mean_bl_friction.m:155,配置容器/初值复制；请改叶字段,参数区,
baseline,cfg.friction.quality.p_grid,project/cases/per_case/tandem_baseline_r2/tandem_baseline_r2_case.m:145,1 - 10.^(0:-0.5:-5),"[0.0, 0.683772233983162, 0.9, 0.9683772233983162, 0.99, 0.9968377223398316, 0.999, 0.9996837722339832, 0.9999, 0.9999683772233983, 0.99999]","[0.0, 0.683772233983162, 0.9, 0.9683772233983162, 0.99, 0.9968377223398316, 0.999, 0.9996837722339832, 0.9999, 0.9999683772233983, 0.99999]",相同,tblR2.mean_bl_friction / tblR2.wall.*；hole_thresholds 与 rbf_epsilon_scale 另由 S5 读取（按调用组定位，非逐字段动态覆盖证明）,用户可调（消费者和本case模式生效时）,参数区,
baseline,cfg.friction.quality.tolerance_pct,project/cases/per_case/tandem_baseline_r2/tandem_baseline_r2_case.m:146,10,10,10,相同,tblR2.mean_bl_friction / tblR2.wall.*；hole_thresholds 与 rbf_epsilon_scale 另由 S5 读取（按调用组定位，非逐字段动态覆盖证明）,用户可调（消费者和本case模式生效时）,参数区,
baseline,cfg.friction.quality.x_min,project/cases/per_case/tandem_baseline_r2/tandem_baseline_r2_case.m:147,80,80,80,相同,project/lib/+tblR2/mean_bl_friction.m:138,用户可调（消费者和本case模式生效时）,参数区,
baseline,cfg.friction.quality.x_max,project/cases/per_case/tandem_baseline_r2/tandem_baseline_r2_case.m:148,328,328,328,相同,project/lib/+tblR2/mean_bl_friction.m:139,用户可调（消费者和本case模式生效时）,参数区,
baseline,cfg.phase,project/cases/per_case/tandem_baseline_r2/tandem_baseline_r2_case.m:151,"struct('enabled', false)","{""enabled"": false}","{""enabled"": 0, ""f0_hz"": [], ""n_bins"": [], ""phi0_user_deg"": [], ""minimum_samples_per_bin"": []}",未作值相等断言,project/lib/+tblR2/structure_analysis_cache.m:380; project/lib/+tblR2/structure_analysis_cache.m:434; project/lib/+tblR2/structure_analysis_cache.m:472; project/lib/+tblR2/transport_statistics.m:98; project/lib/+tblR2/transport_statistics.m:99; project/lib/+tblR2/transport_statistics.m:100; project/lib/+tblR2/transport_statistics.m:103; project/lib/+tblR2/transport_statistics.m:105,配置容器/初值复制；请改叶字段,参数区,
baseline,cfg.phase.f0_hz,project/cases/per_case/tandem_baseline_r2/tandem_baseline_r2_case.m:152,[],[],[],相同,project/lib/+tblR2/transport_statistics.m:107; project/lib/+tblR2/harmonic_analysis.m:69; project/lib/+tblR2/spod_toolbox_adapter.m:59; project/lib/+tblR2/spod_toolbox_adapter.m:61; project/lib/+tblR2/phase_stats_cache.m:58; project/lib/+tblR2/phase_stats_cache.m:289; project/lib/+tblR2/dmd_module.m:129; project/lib/+tblR2/dmd_module.m:130,用户可调（消费者和本case模式生效时）,参数区,
baseline,cfg.phase.n_bins,project/cases/per_case/tandem_baseline_r2/tandem_baseline_r2_case.m:153,[],[],[],相同,project/lib/+tblR2/structure_analysis_cache.m:380; project/lib/+tblR2/structure_analysis_cache.m:434; project/lib/+tblR2/structure_analysis_cache.m:472; project/lib/+tblR2/transport_statistics.m:103; project/lib/+tblR2/transport_analysis.m:38; project/lib/+tblR2/phase_stats_cache.m:36; project/lib/+tblR2/phase_stats_cache.m:293,用户可调（消费者和本case模式生效时）,参数区,
baseline,cfg.phase.phi0_user_deg,project/cases/per_case/tandem_baseline_r2/tandem_baseline_r2_case.m:154,[],[],[],相同,project/lib/+tblR2/harmonic_analysis.m:41; project/lib/+tblR2/harmonic_analysis.m:44; project/lib/+tblR2/harmonic_analysis.m:47; project/lib/+tblR2/phase_stats_cache.m:58,用户可调（消费者和本case模式生效时）,参数区,
baseline,cfg.phase.minimum_samples_per_bin,project/cases/per_case/tandem_baseline_r2/tandem_baseline_r2_case.m:155,[],[],[],相同,project/lib/+tblR2/transport_statistics.m:105; project/lib/+tblR2/phase_stats_cache.m:113; project/lib/+tblR2/phase_stats_cache.m:130; project/lib/+tblR2/phase_stats_cache.m:299,用户可调（消费者和本case模式生效时）,参数区,
baseline,cfg.phase_preview,project/cases/per_case/tandem_baseline_r2/tandem_baseline_r2_case.m:161,struct(),{},"{""profile_x_range_mm"": [80, 320], ""contour_x_range_mm"": [80, 320], ""marker_stride"": 8, ""profile_source"": ""raw"", ""contour_source"": ""postproc""}",未作值相等断言,主脚本 Section 3 实际预览块 / tblR2.plot_phase_averaged_maps（按调用组定位，非逐字段动态覆盖证明）,配置容器/初值复制；请改叶字段,参数区,
baseline,cfg.phase_preview.profile_x_range_mm,project/cases/per_case/tandem_baseline_r2/tandem_baseline_r2_case.m:162,[80 320],"[80, 320]","[80, 320]",相同,主脚本 Section 3 实际预览块 / tblR2.plot_phase_averaged_maps（按调用组定位，非逐字段动态覆盖证明）,用户可调（消费者和本case模式生效时）,参数区,
baseline,cfg.phase_preview.contour_x_range_mm,project/cases/per_case/tandem_baseline_r2/tandem_baseline_r2_case.m:163,[80 320],"[80, 320]","[80, 320]",相同,主脚本 Section 3 实际预览块 / tblR2.plot_phase_averaged_maps（按调用组定位，非逐字段动态覆盖证明）,用户可调（消费者和本case模式生效时）,参数区,
baseline,cfg.phase_preview.marker_stride,project/cases/per_case/tandem_baseline_r2/tandem_baseline_r2_case.m:166,1,1,8,不同,主脚本 Section 3 实际预览块 / tblR2.plot_phase_averaged_maps（按调用组定位，非逐字段动态覆盖证明）,用户可调（消费者和本case模式生效时）,参数区,
baseline,cfg.phase_preview.profile_source,project/cases/per_case/tandem_baseline_r2/tandem_baseline_r2_case.m:171,'raw',"""raw""","""raw""",相同,主脚本 Section 3 实际预览块 / tblR2.plot_phase_averaged_maps（按调用组定位，非逐字段动态覆盖证明）,无运行消费者；本批不得激活,参数区,仅赋值/记录，实际预览使用已有statistics和raw phase。
baseline,cfg.phase_preview.contour_source,project/cases/per_case/tandem_baseline_r2/tandem_baseline_r2_case.m:172,'postproc',"""postproc""","""postproc""",相同,主脚本 Section 3 实际预览块 / tblR2.plot_phase_averaged_maps（按调用组定位，非逐字段动态覆盖证明）,用户可调（消费者和本case模式生效时）,参数区,
baseline,cfg.instantaneous,project/cases/per_case/tandem_baseline_r2/tandem_baseline_r2_case.m:175,struct(),{},"{""n_output_frames"": 3, ""frame_ids"": [1, 12000]}",未作值相等断言,project/lib/+tblR2/structure_analysis_cache.m:28; project/lib/+tblR2/structure_analysis_cache.m:231; project/lib/+tblR2/cluster_pod_reconstruction.m:170; project/lib/+tblR2/cluster_pod_reconstruction.m:171; project/lib/+tblR2/cluster_pod_reconstruction.m:174; project/lib/+tblR2/cluster_raw_sequence.m:102; project/lib/+tblR2/cluster_raw_sequence.m:103; project/lib/+tblR2/cluster_raw_sequence.m:106,配置容器/初值复制；请改叶字段,参数区,
baseline,cfg.instantaneous.n_output_frames,project/cases/per_case/tandem_baseline_r2/tandem_baseline_r2_case.m:176,3,3,3,相同,project/lib/+tblR2/cluster_pod_reconstruction.m:174; project/lib/+tblR2/cluster_raw_sequence.m:106,用户可调（消费者和本case模式生效时）,参数区,
baseline,cfg.instantaneous.frame_ids,project/cases/per_case/tandem_baseline_r2/tandem_baseline_r2_case.m:177,[1 cfg.total_frames],"[1, 12000]","[1, 12000]",相同,project/lib/+tblR2/structure_analysis_cache.m:231; project/lib/+tblR2/cluster_pod_reconstruction.m:171; project/lib/+tblR2/cluster_raw_sequence.m:103,用户可调（消费者和本case模式生效时）,参数区,
baseline,cfg.structures,project/cases/per_case/tandem_baseline_r2/tandem_baseline_r2_case.m:179,struct(),{},"{""source_mode"": ""pod_e50"", ""connectivities"": [8, 4], ""primary_connectivity"": 8, ""length_thresholds"": [3.0, 3.8, 4.5], ""max_complete_ss_per_sign"": 1, ""plot_colormap"": ""ocean"", ""plot_normalization"": ""u_over_Uinf"", ""section4"": {""source_mode"": ""pod_e50"", ""connectivities"": [8, 4], ""primary_connectivity"": 8, ""length_thresholds"": [3.0, 3.8, 4.5], ""max_complete_ss_per_sign"": 1, ""plot_colormap"": ""ocean"", ""plot_normalization"": ""u_over_Uinf"", ""make_figures"": 1, ""write_catalog_csv"": 1, ""max_figure_objects"": 30, ""resume_run_dir"": [], ""frame_ordinals"": [], ""reuse_existing_run"": 1, ""pod"": {""min_valid_fraction"": 1, ""rank"": {""kind"": ""energy_fraction"", ""value"": 0.5}}}, ""alpha"": 1, ""seed_alpha"": 1, ""min_pixels"": 1, ""connectivity"": 8, ""min_lsm_delta"": 1, ""min_vlsm_delta"": 3, ""catalog_frame_stride"": 1, ""preprocessing"": {""enabled"": 0, ""name"": ""none"", ""gaussian"": {""enabled"": 0, ""sigma_cells"": []}}}",未作值相等断言,project/lib/+tblR2/plot_structure_preview.m:21; project/lib/+tblR2/structure_analysis_cache.m:14; project/lib/+tblR2/structure_analysis_cache.m:15; project/lib/+tblR2/structure_analysis_cache.m:16; project/lib/+tblR2/structure_analysis_cache.m:29; project/lib/+tblR2/structure_analysis_cache.m:33; project/lib/+tblR2/structure_analysis_cache.m:34; project/lib/+tblR2/structure_analysis_cache.m:37,配置容器/初值复制；请改叶字段,参数区,
baseline,cfg.structures.source_mode,project/cases/per_case/tandem_baseline_r2/tandem_baseline_r2_case.m:181,'pod_e50',"""pod_e50""","""pod_e50""",相同,project/lib/+tblR2/section4_vlsm_analysis.m:204,用户可调（消费者和本case模式生效时）,参数区,现行S4优先读取structures.section4；多个顶层字段仅兼容。
baseline,cfg.structures.connectivities,project/cases/per_case/tandem_baseline_r2/tandem_baseline_r2_case.m:182,[8 4],"[8, 4]","[8, 4]",相同,tblR2.section4_vlsm_analysis -> make_d23_config / resolve_section4_config（按调用组定位，非逐字段动态覆盖证明）,用户可调（消费者和本case模式生效时）,参数区,现行S4优先读取structures.section4；多个顶层字段仅兼容。
baseline,cfg.structures.primary_connectivity,project/cases/per_case/tandem_baseline_r2/tandem_baseline_r2_case.m:183,8,8,8,相同,tblR2.section4_vlsm_analysis -> make_d23_config / resolve_section4_config（按调用组定位，非逐字段动态覆盖证明）,用户可调（消费者和本case模式生效时）,参数区,现行S4优先读取structures.section4；多个顶层字段仅兼容。
baseline,cfg.structures.length_thresholds,project/cases/per_case/tandem_baseline_r2/tandem_baseline_r2_case.m:184,[3 3.8 4.5],"[3, 3.8, 4.5]","[3.0, 3.8, 4.5]",相同（数值类型表示差异）,tblR2.section4_vlsm_analysis -> make_d23_config / resolve_section4_config（按调用组定位，非逐字段动态覆盖证明）,用户可调（消费者和本case模式生效时）,参数区,现行S4优先读取structures.section4；多个顶层字段仅兼容。
baseline,cfg.structures.max_complete_ss_per_sign,project/cases/per_case/tandem_baseline_r2/tandem_baseline_r2_case.m:185,Inf,Infinity,1,不同,tblR2.section4_vlsm_analysis -> make_d23_config / resolve_section4_config（按调用组定位，非逐字段动态覆盖证明）,用户可调（消费者和本case模式生效时）,参数区,现行S4优先读取structures.section4；多个顶层字段仅兼容。
baseline,cfg.structures.plot_colormap,project/cases/per_case/tandem_baseline_r2/tandem_baseline_r2_case.m:186,'ocean',"""ocean""","""ocean""",相同,tblR2.section4_vlsm_analysis -> make_d23_config / resolve_section4_config（按调用组定位，非逐字段动态覆盖证明）,S4绘图未用此入口；实际 balance(257),参数区,现行S4优先读取structures.section4；多个顶层字段仅兼容。
baseline,cfg.structures.plot_normalization,project/cases/per_case/tandem_baseline_r2/tandem_baseline_r2_case.m:187,'u_over_Uinf',"""u_over_Uinf""","""u_over_Uinf""",相同,tblR2.section4_vlsm_analysis -> make_d23_config / resolve_section4_config（按调用组定位，非逐字段动态覆盖证明）,用户可调（消费者和本case模式生效时）,参数区,现行S4优先读取structures.section4；多个顶层字段仅兼容。
baseline,cfg.structures.section4,project/cases/per_case/tandem_baseline_r2/tandem_baseline_r2_case.m:188,struct(),{},"{""source_mode"": ""pod_e50"", ""connectivities"": [8, 4], ""primary_connectivity"": 8, ""length_thresholds"": [3.0, 3.8, 4.5], ""max_complete_ss_per_sign"": 1, ""plot_colormap"": ""ocean"", ""plot_normalization"": ""u_over_Uinf"", ""make_figures"": 1, ""write_catalog_csv"": 1, ""max_figure_objects"": 30, ""resume_run_dir"": [], ""frame_ordinals"": [], ""reuse_existing_run"": 1, ""pod"": {""min_valid_fraction"": 1, ""rank"": {""kind"": ""energy_fraction"", ""value"": 0.5}}}",未作值相等断言,project/lib/+tblR2/section4_vlsm_analysis.m:199; project/lib/+tblR2/section4_vlsm_analysis.m:200,配置容器/初值复制；请改叶字段,参数区,现行S4优先读取structures.section4；多个顶层字段仅兼容。
baseline,cfg.structures.section4.source_mode,project/cases/per_case/tandem_baseline_r2/tandem_baseline_r2_case.m:189,'pod_e50',"""pod_e50""","""pod_e50""",相同,tblR2.section4_vlsm_analysis -> make_d23_config / resolve_section4_config（按调用组定位，非逐字段动态覆盖证明）,用户可调（消费者和本case模式生效时）,参数区,
baseline,cfg.structures.section4.connectivities,project/cases/per_case/tandem_baseline_r2/tandem_baseline_r2_case.m:190,[8 4],"[8, 4]","[8, 4]",相同,tblR2.section4_vlsm_analysis -> make_d23_config / resolve_section4_config（按调用组定位，非逐字段动态覆盖证明）,用户可调（消费者和本case模式生效时）,参数区,
baseline,cfg.structures.section4.primary_connectivity,project/cases/per_case/tandem_baseline_r2/tandem_baseline_r2_case.m:191,8,8,8,相同,tblR2.section4_vlsm_analysis -> make_d23_config / resolve_section4_config（按调用组定位，非逐字段动态覆盖证明）,用户可调（消费者和本case模式生效时）,参数区,
baseline,cfg.structures.section4.figure_connectivity,project/cases/per_case/tandem_baseline_r2/tandem_baseline_r2_case.m:194,8,8,"""<历史JSON无此字段>""",未作值相等断言,tblR2.section4_vlsm_analysis -> make_d23_config / resolve_section4_config（按调用组定位，非逐字段动态覆盖证明）,用户可调（消费者和本case模式生效时）,参数区,
baseline,cfg.structures.section4.length_thresholds,project/cases/per_case/tandem_baseline_r2/tandem_baseline_r2_case.m:195,[3 3.8 4.5],"[3, 3.8, 4.5]","[3.0, 3.8, 4.5]",相同（数值类型表示差异）,tblR2.section4_vlsm_analysis -> make_d23_config / resolve_section4_config（按调用组定位，非逐字段动态覆盖证明）,用户可调（消费者和本case模式生效时）,参数区,
baseline,cfg.structures.section4.max_complete_ss_per_sign,project/cases/per_case/tandem_baseline_r2/tandem_baseline_r2_case.m:196,Inf,Infinity,1,不同,tblR2.section4_vlsm_analysis -> make_d23_config / resolve_section4_config（按调用组定位，非逐字段动态覆盖证明）,用户可调（消费者和本case模式生效时）,参数区,
baseline,cfg.structures.section4.plot_colormap,project/cases/per_case/tandem_baseline_r2/tandem_baseline_r2_case.m:197,'ocean',"""ocean""","""ocean""",相同,tblR2.section4_vlsm_analysis -> make_d23_config / resolve_section4_config（按调用组定位，非逐字段动态覆盖证明）,S4绘图未用此入口；实际 balance(257),参数区,
baseline,cfg.structures.section4.plot_normalization,project/cases/per_case/tandem_baseline_r2/tandem_baseline_r2_case.m:198,'u_over_Uinf',"""u_over_Uinf""","""u_over_Uinf""",相同,tblR2.section4_vlsm_analysis -> make_d23_config / resolve_section4_config（按调用组定位，非逐字段动态覆盖证明）,用户可调（消费者和本case模式生效时）,参数区,
baseline,cfg.structures.section4.make_figures,project/cases/per_case/tandem_baseline_r2/tandem_baseline_r2_case.m:199,true,true,1,相同（数值类型表示差异）,tblR2.section4_vlsm_analysis -> make_d23_config / resolve_section4_config（按调用组定位，非逐字段动态覆盖证明）,用户可调（消费者和本case模式生效时）,参数区,
baseline,cfg.structures.section4.write_catalog_csv,project/cases/per_case/tandem_baseline_r2/tandem_baseline_r2_case.m:200,true,true,1,相同（数值类型表示差异）,tblR2.section4_vlsm_analysis -> make_d23_config / resolve_section4_config（按调用组定位，非逐字段动态覆盖证明）,用户可调（消费者和本case模式生效时）,参数区,
baseline,cfg.structures.section4.max_figure_objects,project/cases/per_case/tandem_baseline_r2/tandem_baseline_r2_case.m:201,Inf,Infinity,30,不同,tblR2.section4_vlsm_analysis -> make_d23_config / resolve_section4_config（按调用组定位，非逐字段动态覆盖证明）,用户可调（消费者和本case模式生效时）,参数区,
baseline,cfg.structures.section4.resume_run_dir,project/cases/per_case/tandem_baseline_r2/tandem_baseline_r2_case.m:202,'',"""""",[],相同（MAT空字符由scipy表示为空数组）,tblR2.section4_vlsm_analysis -> make_d23_config / resolve_section4_config（按调用组定位，非逐字段动态覆盖证明）,用户可调（消费者和本case模式生效时）,参数区,
baseline,cfg.structures.section4.frame_ordinals,project/cases/per_case/tandem_baseline_r2/tandem_baseline_r2_case.m:203,[],[],[],相同,tblR2.section4_vlsm_analysis -> make_d23_config / resolve_section4_config（按调用组定位，非逐字段动态覆盖证明）,用户可调（消费者和本case模式生效时）,参数区,
baseline,cfg.structures.section4.reuse_existing_run,project/cases/per_case/tandem_baseline_r2/tandem_baseline_r2_case.m:204,true,true,1,相同（数值类型表示差异）,tblR2.section4_vlsm_analysis -> make_d23_config / resolve_section4_config（按调用组定位，非逐字段动态覆盖证明）,用户可调（消费者和本case模式生效时）,参数区,
baseline,cfg.structures.section4.spatial_exclusion,project/cases/per_case/tandem_baseline_r2/tandem_baseline_r2_case.m:206,"struct(  'enabled', false, 'x_start_mm', [], 'x_end_mm', [],  'wall_y_height_mm', [])","{""enabled"": false, ""x_start_mm"": [], ""x_end_mm"": [], ""wall_y_height_mm"": []}","""<历史JSON无此字段>""",未作值相等断言,tblR2.section4_vlsm_analysis -> make_d23_config / resolve_section4_config（按调用组定位，非逐字段动态覆盖证明）,配置容器/初值复制；请改叶字段,参数区,
baseline,cfg.structures.section4.streamwise_edge_exclusion,project/cases/per_case/tandem_baseline_r2/tandem_baseline_r2_case.m:212,"struct(  'enabled', false, 'buffer_cells', 3)","{""enabled"": false, ""buffer_cells"": 3}","""<历史JSON无此字段>""",未作值相等断言,tblR2.section4_vlsm_analysis -> make_d23_config / resolve_section4_config（按调用组定位，非逐字段动态覆盖证明）,配置容器/初值复制；请改叶字段,参数区,
baseline,cfg.structures.section4.pod,project/cases/per_case/tandem_baseline_r2/tandem_baseline_r2_case.m:214,struct(),{},"{""min_valid_fraction"": 1, ""rank"": {""kind"": ""energy_fraction"", ""value"": 0.5}}",未作值相等断言,tblR2.section4_vlsm_analysis -> make_d23_config / resolve_section4_config（按调用组定位，非逐字段动态覆盖证明）,配置容器/初值复制；请改叶字段,参数区,
baseline,cfg.structures.section4.pod.min_valid_fraction,project/cases/per_case/tandem_baseline_r2/tandem_baseline_r2_case.m:215,1.0,1.0,1,相同（数值类型表示差异）,tblR2.section4_vlsm_analysis -> make_d23_config / resolve_section4_config（按调用组定位，非逐字段动态覆盖证明）,用户可调（消费者和本case模式生效时）,参数区,
baseline,cfg.structures.section4.pod.rank,project/cases/per_case/tandem_baseline_r2/tandem_baseline_r2_case.m:216,"struct('kind','energy_fraction','value',0.50)","{""kind"": ""energy_fraction"", ""value"": 0.5}","{""kind"": ""energy_fraction"", ""value"": 0.5}",未作值相等断言,tblR2.section4_vlsm_analysis -> make_d23_config / resolve_section4_config（按调用组定位，非逐字段动态覆盖证明）,配置容器/初值复制；请改叶字段,参数区,
baseline,cfg.structures.alpha,project/cases/per_case/tandem_baseline_r2/tandem_baseline_r2_case.m:218,1.0,1.0,1,相同（数值类型表示差异）,tblR2.section4_vlsm_analysis -> make_d23_config / resolve_section4_config（按调用组定位，非逐字段动态覆盖证明）,用户可调（消费者和本case模式生效时）,参数区,现行S4优先读取structures.section4；多个顶层字段仅兼容。
baseline,cfg.structures.seed_alpha,project/cases/per_case/tandem_baseline_r2/tandem_baseline_r2_case.m:219,1.0,1.0,1,相同（数值类型表示差异）,tblR2.section4_vlsm_analysis -> make_d23_config / resolve_section4_config（按调用组定位，非逐字段动态覆盖证明）,用户可调（消费者和本case模式生效时）,参数区,现行S4优先读取structures.section4；多个顶层字段仅兼容。
baseline,cfg.structures.min_pixels,project/cases/per_case/tandem_baseline_r2/tandem_baseline_r2_case.m:220,1,1,1,相同,tblR2.section4_vlsm_analysis -> make_d23_config / resolve_section4_config（按调用组定位，非逐字段动态覆盖证明）,用户可调（消费者和本case模式生效时）,参数区,现行S4优先读取structures.section4；多个顶层字段仅兼容。
baseline,cfg.structures.connectivity,project/cases/per_case/tandem_baseline_r2/tandem_baseline_r2_case.m:221,8,8,8,相同,tblR2.section4_vlsm_analysis -> make_d23_config / resolve_section4_config（按调用组定位，非逐字段动态覆盖证明）,用户可调（消费者和本case模式生效时）,参数区,现行S4优先读取structures.section4；多个顶层字段仅兼容。
baseline,cfg.structures.min_lsm_delta,project/cases/per_case/tandem_baseline_r2/tandem_baseline_r2_case.m:222,1.0,1.0,1,相同（数值类型表示差异）,tblR2.section4_vlsm_analysis -> make_d23_config / resolve_section4_config（按调用组定位，非逐字段动态覆盖证明）,用户可调（消费者和本case模式生效时）,参数区,现行S4优先读取structures.section4；多个顶层字段仅兼容。
baseline,cfg.structures.min_vlsm_delta,project/cases/per_case/tandem_baseline_r2/tandem_baseline_r2_case.m:223,3.0,3.0,3,相同（数值类型表示差异）,tblR2.section4_vlsm_analysis -> make_d23_config / resolve_section4_config（按调用组定位，非逐字段动态覆盖证明）,用户可调（消费者和本case模式生效时）,参数区,现行S4优先读取structures.section4；多个顶层字段仅兼容。
baseline,cfg.structures.catalog_frame_stride,project/cases/per_case/tandem_baseline_r2/tandem_baseline_r2_case.m:224,1,1,1,相同,project/lib/+tblR2/structure_analysis_cache.m:29,用户可调（消费者和本case模式生效时）,参数区,现行S4优先读取structures.section4；多个顶层字段仅兼容。
baseline,cfg.structures.preprocessing,project/cases/per_case/tandem_baseline_r2/tandem_baseline_r2_case.m:226,"struct('enabled',false,'name','none',  'gaussian',struct('enabled',false,'sigma_cells',[]))","{""enabled"": false, ""name"": ""none"", ""gaussian"": {""enabled"": false, ""sigma_cells"": []}}","{""enabled"": 0, ""name"": ""none"", ""gaussian"": {""enabled"": 0, ""sigma_cells"": []}}",未作值相等断言,project/lib/+tblR2/gaussian_pod_sequence.m:20,配置容器/初值复制；请改叶字段,参数区,现行S4优先读取structures.section4；多个顶层字段仅兼容。
baseline,cfg.transport,project/cases/per_case/tandem_baseline_r2/tandem_baseline_r2_case.m:230,struct(),{},"{""edge_buffer_cells"": [2, 16]}",未作值相等断言,project/lib/+tblR2/quadrant_streaming.m:19; project/lib/+tblR2/quadrant_streaming.m:20; project/lib/+tblR2/transport_statistics.m:10; project/lib/+tblR2/transport_statistics.m:38; project/lib/+tblR2/section5_run.m:6; project/lib/+tblR2/section5_run.m:7; project/lib/+tblR2/section5_run.m:8; project/lib/+tblR2/section5_run.m:9,配置容器/初值复制；请改叶字段,参数区,
baseline,cfg.transport.source,project/cases/per_case/tandem_baseline_r2/tandem_baseline_r2_case.m:231,'raw',"""raw""","""<历史JSON无此字段>""",未作值相等断言,project/lib/+tblR2/transport_statistics.m:38; project/lib/+tblR2/section5_run.m:7; project/lib/+tblR2/section5_run.m:20,用户可调（消费者和本case模式生效时）,参数区,
baseline,cfg.transport.frame_mode,project/cases/per_case/tandem_baseline_r2/tandem_baseline_r2_case.m:232,'all',"""all""","""<历史JSON无此字段>""",未作值相等断言,tblR2.section5_run -> transport_statistics / quadrant_streaming / transport_figures（按调用组定位，非逐字段动态覆盖证明）,用户可调（消费者和本case模式生效时）,参数区,
baseline,cfg.transport.profile_x_range_mm,project/cases/per_case/tandem_baseline_r2/tandem_baseline_r2_case.m:233,[80 320],"[80, 320]","""<历史JSON无此字段>""",未作值相等断言,project/lib/+tblR2/transport_figures.m:26,用户可调（消费者和本case模式生效时）,参数区,
baseline,cfg.transport.edge_buffer_cells,project/cases/per_case/tandem_baseline_r2/tandem_baseline_r2_case.m:234,[2 16],"[2, 16]","[2, 16]",相同,project/lib/+tblR2/section5_run.m:15,用户可调（消费者和本case模式生效时）,参数区,
baseline,cfg.temporal,project/cases/per_case/tandem_baseline_r2/tandem_baseline_r2_case.m:237,struct(),{},"{""x_interval_mm"": [3, 327], ""nfft"": 512, ""overlap_fraction"": 0.5, ""frequency_band_hz"": [2, 430], ""min_valid_fraction"": 0.9, ""Uc"": {""method"": ""profile_fraction"", ""fraction"": 0.8, ""nearwall_n"": 0, ""nearwall_plus"": 10.8}}",未作值相等断言,project/lib/+tblR2/temporal_spectra_cache.m:35; project/lib/+tblR2/temporal_spectra_cache.m:36; project/lib/+tblR2/temporal_spectra_cache.m:39; project/lib/+tblR2/temporal_spectra_cache.m:43; project/lib/+tblR2/temporal_spectra_cache.m:45; project/lib/+tblR2/temporal_spectra_cache.m:48; project/lib/+tblR2/temporal_spectra_cache.m:49; project/lib/+tblR2/temporal_spectra_cache.m:73,配置容器/初值复制；请改叶字段,参数区,
baseline,cfg.temporal.x_interval_mm,project/cases/per_case/tandem_baseline_r2/tandem_baseline_r2_case.m:238,[3 327],"[3, 327]","[3, 327]",相同,project/lib/+tblR2/temporal_spectra_cache.m:35; project/lib/+tblR2/temporal_spectra_cache.m:36; project/lib/+tblR2/temporal_spectra_cache.m:39,用户可调（消费者和本case模式生效时）,参数区,
baseline,cfg.temporal.nfft,project/cases/per_case/tandem_baseline_r2/tandem_baseline_r2_case.m:239,512,512,512,相同,project/lib/+tblR2/temporal_spectra_cache.m:43; project/lib/+tblR2/correlation_analysis_cache.m:61; project/lib/+tblR2/correlation_analysis_cache.m:345,用户可调（消费者和本case模式生效时）,参数区,
baseline,cfg.temporal.overlap_fraction,project/cases/per_case/tandem_baseline_r2/tandem_baseline_r2_case.m:240,0.50,0.5,0.5,相同,project/lib/+tblR2/temporal_spectra_cache.m:45; project/lib/+tblR2/correlation_analysis_cache.m:63; project/lib/+tblR2/correlation_analysis_cache.m:357,用户可调（消费者和本case模式生效时）,参数区,
baseline,cfg.temporal.frequency_band_hz,project/cases/per_case/tandem_baseline_r2/tandem_baseline_r2_case.m:241,[2 430],"[2, 430]","[2, 430]",相同,project/lib/+tblR2/temporal_spectra_cache.m:48; project/lib/+tblR2/temporal_spectra_cache.m:49,用户可调（消费者和本case模式生效时）,参数区,
baseline,cfg.temporal.min_valid_fraction,project/cases/per_case/tandem_baseline_r2/tandem_baseline_r2_case.m:242,0.90,0.9,0.9,相同,project/lib/+tblR2/temporal_spectra_cache.m:73; project/lib/+tblR2/temporal_spectra_cache.m:120,用户可调（消费者和本case模式生效时）,参数区,
baseline,cfg.temporal.Uc,project/cases/per_case/tandem_baseline_r2/tandem_baseline_r2_case.m:243,struct(),{},"{""method"": ""profile_fraction"", ""fraction"": 0.8, ""nearwall_n"": 0, ""nearwall_plus"": 10.8}",未作值相等断言,project/lib/+tblR2/temporal_spectra_cache.m:88; project/lib/+tblR2/temporal_spectra_cache.m:89; project/lib/+tblR2/temporal_spectra_cache.m:91; project/lib/+tblR2/temporal_spectra_cache.m:119,配置容器/初值复制；请改叶字段,参数区,
baseline,cfg.temporal.Uc.method,project/cases/per_case/tandem_baseline_r2/tandem_baseline_r2_case.m:244,'profile_fraction',"""profile_fraction""","""profile_fraction""",相同,project/lib/+tblR2/temporal_spectra_cache.m:119,用户可调（消费者和本case模式生效时）,参数区,
baseline,cfg.temporal.Uc.fraction,project/cases/per_case/tandem_baseline_r2/tandem_baseline_r2_case.m:245,0.80,0.8,0.8,相同,project/lib/+tblR2/temporal_spectra_cache.m:88,用户可调（消费者和本case模式生效时）,参数区,
baseline,cfg.temporal.Uc.nearwall_n,project/cases/per_case/tandem_baseline_r2/tandem_baseline_r2_case.m:246,0,0,0,相同,project/lib/+tblR2/temporal_spectra_cache.m:89,用户可调（消费者和本case模式生效时）,参数区,
baseline,cfg.temporal.Uc.nearwall_plus,project/cases/per_case/tandem_baseline_r2/tandem_baseline_r2_case.m:247,10.8,10.8,10.8,相同,project/lib/+tblR2/temporal_spectra_cache.m:91,用户可调（消费者和本case模式生效时）,参数区,
baseline,cfg.spatial,project/cases/per_case/tandem_baseline_r2/tandem_baseline_r2_case.m:248,struct(),{},"{""windows_mm"": [3, 327], ""selected_y_plus"": [100, 200, 400, 800], ""min_valid_fraction"": 0.9, ""skip_nearwall_rows"": 2, ""skip_fov_top_rows"": 3}",未作值相等断言,project/lib/+tblR2/spatial_spectra_cache.m:29; project/lib/+tblR2/spatial_spectra_cache.m:31; project/lib/+tblR2/spatial_spectra_cache.m:32; project/lib/+tblR2/spatial_spectra_cache.m:33; project/lib/+tblR2/spatial_spectra_cache.m:39; project/lib/+tblR2/spatial_spectra_cache.m:42; project/lib/+tblR2/spatial_spectra_cache.m:43; project/lib/+tblR2/spatial_spectra_cache.m:44,配置容器/初值复制；请改叶字段,参数区,
baseline,cfg.spatial.windows_mm,project/cases/per_case/tandem_baseline_r2/tandem_baseline_r2_case.m:249,[3 327],"[3, 327]","[3, 327]",相同,project/lib/+tblR2/spatial_spectra_cache.m:29,用户可调（消费者和本case模式生效时）,参数区,
baseline,cfg.spatial.selected_y_plus,project/cases/per_case/tandem_baseline_r2/tandem_baseline_r2_case.m:250,[100 200 400 800],"[100, 200, 400, 800]","[100, 200, 400, 800]",相同,project/lib/+tblR2/spatial_spectra_cache.m:165; project/lib/+tblR2/spatial_spectra_cache.m:169; project/lib/+tblR2/spatial_spectra_cache.m:172; project/lib/+tblR2/spatial_spectra_cache.m:173; project/lib/+tblR2/spatial_spectra_cache.m:205; project/lib/+tblR2/streamwise_development_analysis.m:118,用户可调（消费者和本case模式生效时）,参数区,
baseline,cfg.spatial.min_valid_fraction,project/cases/per_case/tandem_baseline_r2/tandem_baseline_r2_case.m:251,0.90,0.9,0.9,相同,project/lib/+tblR2/spatial_spectra_cache.m:115,用户可调（消费者和本case模式生效时）,参数区,
baseline,cfg.spatial.skip_nearwall_rows,project/cases/per_case/tandem_baseline_r2/tandem_baseline_r2_case.m:252,2,2,2,相同,project/lib/+tblR2/spatial_spectra_cache.m:32; project/lib/+tblR2/spatial_spectra_cache.m:33; project/lib/+tblR2/spatial_spectra_cache.m:39,用户可调（消费者和本case模式生效时）,参数区,
baseline,cfg.spatial.skip_fov_top_rows,project/cases/per_case/tandem_baseline_r2/tandem_baseline_r2_case.m:253,3,3,3,相同,project/lib/+tblR2/spatial_spectra_cache.m:43; project/lib/+tblR2/spatial_spectra_cache.m:44; project/lib/+tblR2/spatial_spectra_cache.m:50,用户可调（消费者和本case模式生效时）,参数区,
baseline,cfg.pod,project/cases/per_case/tandem_baseline_r2/tandem_baseline_r2_case.m:256,struct(),{},"{""n_modes"": 20, ""frame_stride"": 1, ""spatial_stride"": [2, 2], ""x_range_mm"": [80, 328], ""max_y_over_delta"": 1.5, ""oversampling"": 8, ""random_seed"": 1729, ""max_frames"": 12000, ""reconstruction"": {""enabled"": 1, ""frame_positions"": [], ""n_modes"": 20, ""add_mean"": 1, ""include_raw"": 1}}",未作值相等断言,project/lib/+tblR2/pod_cache.m:18; project/lib/+tblR2/pod_cache.m:19; project/lib/+tblR2/pod_cache.m:66; project/lib/+tblR2/pod_cache.m:67; project/lib/+tblR2/pod_cache.m:68; project/lib/+tblR2/pod_cache.m:69; project/lib/+tblR2/pod_reconstruction.m:42; project/lib/+tblR2/section4_vlsm_analysis.m:257,配置容器/初值复制；请改叶字段,参数区,
baseline,cfg.pod.n_modes,project/cases/per_case/tandem_baseline_r2/tandem_baseline_r2_case.m:257,20,20,20,相同,project/lib/+tblR2/pod_cache.m:19,用户可调（消费者和本case模式生效时）,参数区,
baseline,cfg.pod.frame_stride,project/cases/per_case/tandem_baseline_r2/tandem_baseline_r2_case.m:258,1,1,1,相同,tblR2.pod_module（按调用组定位，非逐字段动态覆盖证明）,用户可调（消费者和本case模式生效时）,参数区,
baseline,cfg.pod.spatial_stride,project/cases/per_case/tandem_baseline_r2/tandem_baseline_r2_case.m:259,[2 2],"[2, 2]","[2, 2]",相同,tblR2.pod_module（按调用组定位，非逐字段动态覆盖证明）,用户可调（消费者和本case模式生效时）,参数区,
baseline,cfg.pod.x_range_mm,project/cases/per_case/tandem_baseline_r2/tandem_baseline_r2_case.m:260,[80 328],"[80, 328]","[80, 328]",相同,tblR2.pod_module（按调用组定位，非逐字段动态覆盖证明）,用户可调（消费者和本case模式生效时）,参数区,
baseline,cfg.pod.max_y_over_delta,project/cases/per_case/tandem_baseline_r2/tandem_baseline_r2_case.m:261,1.5,1.5,1.5,相同,tblR2.pod_module（按调用组定位，非逐字段动态覆盖证明）,用户可调（消费者和本case模式生效时）,参数区,
baseline,cfg.pod.oversampling,project/cases/per_case/tandem_baseline_r2/tandem_baseline_r2_case.m:262,8,8,8,相同,tblR2.pod_module（按调用组定位，非逐字段动态覆盖证明）,用户可调（消费者和本case模式生效时）,参数区,
baseline,cfg.pod.random_seed,project/cases/per_case/tandem_baseline_r2/tandem_baseline_r2_case.m:263,1729,1729,1729,相同,tblR2.pod_module（按调用组定位，非逐字段动态覆盖证明）,用户可调（消费者和本case模式生效时）,参数区,
baseline,cfg.pod.max_frames,project/cases/per_case/tandem_baseline_r2/tandem_baseline_r2_case.m:264,cfg.total_frames,12000,12000,相同,tblR2.pod_module（按调用组定位，非逐字段动态覆盖证明）,用户可调（消费者和本case模式生效时）,参数区,
baseline,cfg.pod.reconstruction,project/cases/per_case/tandem_baseline_r2/tandem_baseline_r2_case.m:265,struct(),{},"{""enabled"": 1, ""frame_positions"": [], ""n_modes"": 20, ""add_mean"": 1, ""include_raw"": 1}",未作值相等断言,project/lib/+tblR2/pod_cache.m:67; project/lib/+tblR2/pod_cache.m:68; project/lib/+tblR2/pod_cache.m:69,配置容器/初值复制；请改叶字段,参数区,
baseline,cfg.pod.reconstruction.enabled,project/cases/per_case/tandem_baseline_r2/tandem_baseline_r2_case.m:266,true,true,1,相同（数值类型表示差异）,project/lib/+tblR2/pod_cache.m:68,用户可调（消费者和本case模式生效时）,参数区,
baseline,cfg.pod.reconstruction.frame_positions,project/cases/per_case/tandem_baseline_r2/tandem_baseline_r2_case.m:267,[],[],[],相同,tblR2.pod_module（按调用组定位，非逐字段动态覆盖证明）,用户可调（消费者和本case模式生效时）,参数区,
baseline,cfg.pod.reconstruction.n_modes,project/cases/per_case/tandem_baseline_r2/tandem_baseline_r2_case.m:268,20,20,20,相同,tblR2.pod_module（按调用组定位，非逐字段动态覆盖证明）,用户可调（消费者和本case模式生效时）,参数区,
baseline,cfg.pod.reconstruction.add_mean,project/cases/per_case/tandem_baseline_r2/tandem_baseline_r2_case.m:269,true,true,1,相同（数值类型表示差异）,tblR2.pod_module（按调用组定位，非逐字段动态覆盖证明）,用户可调（消费者和本case模式生效时）,参数区,
baseline,cfg.pod.reconstruction.include_raw,project/cases/per_case/tandem_baseline_r2/tandem_baseline_r2_case.m:270,true,true,1,相同（数值类型表示差异）,tblR2.pod_module（按调用组定位，非逐字段动态覆盖证明）,用户可调（消费者和本case模式生效时）,参数区,
baseline,cfg.dmd,project/cases/per_case/tandem_baseline_r2/tandem_baseline_r2_case.m:271,cfg.pod,"""继承cfg.pod此前已定义的全部字段，再由下方叶字段覆盖；见 expression 和对应字段记录""","{""n_modes"": 20, ""frame_stride"": 1, ""spatial_stride"": [2, 4], ""x_range_mm"": [80, 328], ""max_y_over_delta"": 1.5, ""oversampling"": 8, ""random_seed"": 2718, ""max_frames"": 12000, ""reconstruction"": {""enabled"": 1, ""frame_positions"": [], ""n_modes"": 20, ""add_mean"": 1, ""include_raw"": 1}}",未作值相等断言,project/lib/+tblR2/dmd_module.m:20; project/lib/+tblR2/dmd_module.m:23; project/lib/+tblR2/dmd_module.m:55; project/lib/+tblR2/dmd_module.m:56,派生初值继承；请改POD公共字段或下面的DMD/SPOD覆盖字段,参数区,
baseline,cfg.dmd.spatial_stride,project/cases/per_case/tandem_baseline_r2/tandem_baseline_r2_case.m:272,[2 4],"[2, 4]","[2, 4]",相同,tblR2.dmd_module（cfg.pod 初值继承）（按调用组定位，非逐字段动态覆盖证明）,用户可调（消费者和本case模式生效时）,参数区,
baseline,cfg.dmd.random_seed,project/cases/per_case/tandem_baseline_r2/tandem_baseline_r2_case.m:273,2718,2718,2718,相同,tblR2.dmd_module（cfg.pod 初值继承）（按调用组定位，非逐字段动态覆盖证明）,用户可调（消费者和本case模式生效时）,参数区,
baseline,cfg.spod,project/cases/per_case/tandem_baseline_r2/tandem_baseline_r2_case.m:274,cfg.dmd,"""继承cfg.dmd此前已定义的全部字段，再由下方叶字段覆盖；见 expression 和对应字段记录""","{""n_modes"": 20, ""frame_stride"": 1, ""spatial_stride"": [2, 4], ""x_range_mm"": [80, 328], ""max_y_over_delta"": 1.5, ""oversampling"": 8, ""random_seed"": 2718, ""max_frames"": 12000, ""reconstruction"": {""enabled"": 1, ""frame_positions"": [], ""n_modes"": 20, ""add_mean"": 1, ""include_raw"": 1}, ""nfft"": 512, ""overlap_fraction"": 0.5, ""selected_frequencies_hz"": [], ""spatial_block_dof"": 256}",未作值相等断言,project/lib/+tblR2/spod_cache.m:13; project/lib/+tblR2/spod_toolbox_adapter.m:16; project/lib/+tblR2/spod_toolbox_adapter.m:21; project/lib/+tblR2/spod_toolbox_adapter.m:35; project/lib/+tblR2/spod_toolbox_adapter.m:41; project/lib/+tblR2/spod_toolbox_adapter.m:51,派生初值继承；请改POD公共字段或下面的DMD/SPOD覆盖字段,参数区,
baseline,cfg.spod.nfft,project/cases/per_case/tandem_baseline_r2/tandem_baseline_r2_case.m:275,512,512,512,相同,project/lib/+tblR2/spod_toolbox_adapter.m:16,用户可调（消费者和本case模式生效时）,参数区,
baseline,cfg.spod.overlap_fraction,project/cases/per_case/tandem_baseline_r2/tandem_baseline_r2_case.m:276,0.50,0.5,0.5,相同,project/lib/+tblR2/spod_toolbox_adapter.m:21,用户可调（消费者和本case模式生效时）,参数区,
baseline,cfg.spod.selected_frequencies_hz,project/cases/per_case/tandem_baseline_r2/tandem_baseline_r2_case.m:277,[],[],[],相同,tblR2.spod_cache（cfg.dmd 初值继承）（按调用组定位，非逐字段动态覆盖证明）,用户可调（消费者和本case模式生效时）,参数区,
baseline,cfg.spod.spatial_block_dof,project/cases/per_case/tandem_baseline_r2/tandem_baseline_r2_case.m:278,256,256,256,相同,tblR2.spod_cache（cfg.dmd 初值继承）（按调用组定位，非逐字段动态覆盖证明）,用户可调（消费者和本case模式生效时）,参数区,
baseline,cfg.lcs,project/cases/per_case/tandem_baseline_r2/tandem_baseline_r2_case.m:279,struct(),{},"{""direction"": ""backward"", ""integration_steps"": 10, ""frame_start"": 11, ""frame_end"": [], ""frame_stride"": 1, ""seed_region"": [], ""seed_size"": [41, 41], ""velocity_to_grid_scale"": 1000, ""plot_frame_indices"": [], ""branch"": ""raw"", ""source_role"": ""postproc""}",未作值相等断言,project/lib/+tblR2/plot_products.m:74; project/lib/+tblR2/plot_products.m:75; project/lib/+tblR2/plot_products.m:76; project/lib/+tblR2/validate_config.m:72; project/lib/+tblR2/lcs_ftle.m:28,配置容器/初值复制；请改叶字段,参数区,
baseline,cfg.lcs.direction,project/cases/per_case/tandem_baseline_r2/tandem_baseline_r2_case.m:280,'backward',"""backward""","""backward""",相同,tblR2.lcs_ftle（按调用组定位，非逐字段动态覆盖证明）,用户可调（消费者和本case模式生效时）,参数区,
baseline,cfg.lcs.integration_steps,project/cases/per_case/tandem_baseline_r2/tandem_baseline_r2_case.m:281,10,10,10,相同,tblR2.lcs_ftle（按调用组定位，非逐字段动态覆盖证明）,用户可调（消费者和本case模式生效时）,参数区,
baseline,cfg.lcs.frame_start,project/cases/per_case/tandem_baseline_r2/tandem_baseline_r2_case.m:282,11,11,11,相同,tblR2.lcs_ftle（按调用组定位，非逐字段动态覆盖证明）,用户可调（消费者和本case模式生效时）,参数区,
baseline,cfg.lcs.frame_end,project/cases/per_case/tandem_baseline_r2/tandem_baseline_r2_case.m:283,[],[],[],相同,tblR2.lcs_ftle（按调用组定位，非逐字段动态覆盖证明）,用户可调（消费者和本case模式生效时）,参数区,
baseline,cfg.lcs.frame_stride,project/cases/per_case/tandem_baseline_r2/tandem_baseline_r2_case.m:284,1,1,1,相同,tblR2.lcs_ftle（按调用组定位，非逐字段动态覆盖证明）,用户可调（消费者和本case模式生效时）,参数区,
baseline,cfg.lcs.seed_region,project/cases/per_case/tandem_baseline_r2/tandem_baseline_r2_case.m:285,[],[],[],相同,tblR2.lcs_ftle（按调用组定位，非逐字段动态覆盖证明）,用户可调（消费者和本case模式生效时）,参数区,
baseline,cfg.lcs.seed_size,project/cases/per_case/tandem_baseline_r2/tandem_baseline_r2_case.m:286,[41 41],"[41, 41]","[41, 41]",相同,tblR2.lcs_ftle（按调用组定位，非逐字段动态覆盖证明）,用户可调（消费者和本case模式生效时）,参数区,
baseline,cfg.lcs.velocity_to_grid_scale,project/cases/per_case/tandem_baseline_r2/tandem_baseline_r2_case.m:287,1000,1000,1000,相同,tblR2.lcs_ftle（按调用组定位，非逐字段动态覆盖证明）,用户可调（消费者和本case模式生效时）,参数区,
baseline,cfg.lcs.plot_frame_indices,project/cases/per_case/tandem_baseline_r2/tandem_baseline_r2_case.m:288,[],[],[],相同,project/lib/+tblR2/plot_products.m:75; project/lib/+tblR2/plot_products.m:76,用户可调（消费者和本case模式生效时）,参数区,
baseline,cfg.lcs.branch,project/cases/per_case/tandem_baseline_r2/tandem_baseline_r2_case.m:289,'raw',"""raw""","""raw""",相同,tblR2.lcs_ftle（按调用组定位，非逐字段动态覆盖证明）,用户可调（消费者和本case模式生效时）,参数区,
baseline,cfg.lcs.source_role,project/cases/per_case/tandem_baseline_r2/tandem_baseline_r2_case.m:290,'postproc',"""postproc""","""postproc""",相同,tblR2.lcs_ftle（按调用组定位，非逐字段动态覆盖证明）,用户可调（消费者和本case模式生效时）,参数区,
baseline,cfg.correlations,project/cases/per_case/tandem_baseline_r2/tandem_baseline_r2_case.m:293,struct(),{},"{""reference_points_mm"": [[120, 1], [200, 1], [280, 1]], ""max_time_lag_s"": 0.1, ""max_streamwise_lag_mm"": 120, ""selected_y_plus"": [100, 200, 400, 800], ""ridge_min_correlation"": 0.2, ""two_point"": 0, ""space_time"": 0, ""streamwise"": 0}",未作值相等断言,project/lib/+tblR2/correlation_analysis_cache.m:13; project/lib/+tblR2/correlation_analysis_cache.m:23; project/lib/+tblR2/correlation_analysis_cache.m:24; project/lib/+tblR2/correlation_analysis_cache.m:25; project/lib/+tblR2/correlation_analysis_cache.m:26; project/lib/+tblR2/correlation_analysis_cache.m:98; project/lib/+tblR2/correlation_analysis_cache.m:102; project/lib/+tblR2/correlation_analysis_cache.m:104,配置容器/初值复制；请改叶字段,参数区,
baseline,cfg.correlations.reference_points_mm,project/cases/per_case/tandem_baseline_r2/tandem_baseline_r2_case.m:294,[120 1; 200 1; 280 1],"[[120, 1], [200, 1], [280, 1]]","[[120, 1], [200, 1], [280, 1]]",相同,project/lib/+tblR2/correlation_analysis_cache.m:13,用户可调（消费者和本case模式生效时）,参数区,
baseline,cfg.correlations.max_time_lag_s,project/cases/per_case/tandem_baseline_r2/tandem_baseline_r2_case.m:295,0.10,0.1,0.1,相同,project/lib/+tblR2/correlation_analysis_cache.m:23,用户可调（消费者和本case模式生效时）,参数区,
baseline,cfg.correlations.max_streamwise_lag_mm,project/cases/per_case/tandem_baseline_r2/tandem_baseline_r2_case.m:296,120,120,120,相同,project/lib/+tblR2/correlation_analysis_cache.m:156; project/lib/+tblR2/correlation_analysis_cache.m:279,用户可调（消费者和本case模式生效时）,参数区,
baseline,cfg.correlations.selected_y_plus,project/cases/per_case/tandem_baseline_r2/tandem_baseline_r2_case.m:297,[100 200 400 800],"[100, 200, 400, 800]","[100, 200, 400, 800]",相同,project/lib/+tblR2/correlation_analysis_cache.m:98; project/lib/+tblR2/correlation_analysis_cache.m:102; project/lib/+tblR2/correlation_analysis_cache.m:104; project/lib/+tblR2/correlation_analysis_cache.m:105; project/lib/+tblR2/correlation_analysis_cache.m:129; project/lib/+tblR2/harmonic_analysis.m:58,用户可调（消费者和本case模式生效时）,参数区,
baseline,cfg.correlations.ridge_min_correlation,project/cases/per_case/tandem_baseline_r2/tandem_baseline_r2_case.m:298,0.20,0.2,0.2,相同,project/lib/+tblR2/correlation_analysis_cache.m:293; project/lib/+tblR2/correlation_analysis_cache.m:315,用户可调（消费者和本case模式生效时）,参数区,
baseline,cfg.correlations.two_point,project/cases/per_case/tandem_baseline_r2/tandem_baseline_r2_case.m:299,false,false,0,相同（数值类型表示差异）,tblR2.correlation_analysis_cache（按调用组定位，非逐字段动态覆盖证明）,用户可调（消费者和本case模式生效时）,参数区,
baseline,cfg.correlations.space_time,project/cases/per_case/tandem_baseline_r2/tandem_baseline_r2_case.m:300,false,false,0,相同（数值类型表示差异）,tblR2.correlation_analysis_cache（按调用组定位，非逐字段动态覆盖证明）,用户可调（消费者和本case模式生效时）,参数区,
baseline,cfg.correlations.streamwise,project/cases/per_case/tandem_baseline_r2/tandem_baseline_r2_case.m:301,false,false,0,相同（数值类型表示差异）,tblR2.correlation_analysis_cache（按调用组定位，非逐字段动态覆盖证明）,用户可调（消费者和本case模式生效时）,参数区,
baseline,cfg.streamwise_development,project/cases/per_case/tandem_baseline_r2/tandem_baseline_r2_case.m:302,struct(),{},"{""edge_buffer_columns"": 20}",未作值相等断言,project/lib/+tblR2/streamwise_development_analysis.m:19; project/lib/+tblR2/streamwise_development_analysis.m:20; project/lib/+tblR2/streamwise_development_analysis.m:23; project/lib/+tblR2/plot_core_products.m:973; project/lib/+tblR2/plot_core_products.m:975,配置容器/初值复制；请改叶字段,参数区,
baseline,cfg.streamwise_development.edge_buffer_columns,project/cases/per_case/tandem_baseline_r2/tandem_baseline_r2_case.m:303,20,20,20,相同,project/lib/+tblR2/plot_core_products.m:975,用户可调（消费者和本case模式生效时）,参数区,
baseline,cfg.figures,project/cases/per_case/tandem_baseline_r2/tandem_baseline_r2_case.m:306,struct(),{},"{""formats"": [""png"", ""fig""], ""export_dpi"": 200, ""robust_color_quantiles"": [0.005, 0.995], ""contour_levels"": {""default"": 60}, ""colormaps"": {""default"": ""ocean"", ""mean_u"": ""turbo"", ""mean_v"": ""balance"", ""u_rms"": ""turbo"", ""v_rms"": ""turbo"", ""negative_uv"": ""balance"", ""tke"": ""turbo""}, ""window_size"": {""default"": [1450, 760], ""mean_turbulence"": [1450, 760], ""mean_profiles"": [1500, 700], ""loglaw"": [1250, 560], ""loglaw_diagnostic"": [1250, 560], ""modern_clauser"": [1250, 560], ""modern_clauser_sensitivity"": [1400, 850], ""friction"": [1250, 550]}, ""color_limits"": {""mean_u"": [0.3, 1.03], ""mean_v"": [-0.01, 0.01], ""u_rms"": [0.02, 0.32], ""v_rms"": [0.015, 0.13], ""negative_uv"": [-0.0016, 0.0016], ""tke"": [0.0, 0.06]}, ""fov_aspect_ratio"": [1, 1], ""instantaneous"": {""frame_range"": [1, 3], ""frame_stride"": 1, ""animation"": {""enabled"": 0, ""fps"": 5}, ""color_limits"": {}}, ""jobs"": [""mean_turbulence"", ""mean_profiles"", ""loglaw"", ""loglaw_diagnostic"", ""modern_clauser"", ""friction"", ""structures"", ""transport"", ""temporal_spectra"", ""spatial_spectra"", ""pod"", ""dmd"", ""lcs_ftle"", ""spod"", ""phase_triple"", ""correlations"", ""harmonics""]}",未作值相等断言,project/lib/+tblR2/figures_family.m:8; project/lib/+tblR2/figures_family.m:12; project/lib/+tblR2/figures_family.m:15; project/lib/+tblR2/figures_family.m:23; project/lib/+tblR2/figures_family.m:24; project/lib/+tblR2/figures_family.m:25; project/lib/+tblR2/figures_family.m:26; project/lib/+tblR2/figures_global.m:8,配置容器/初值复制；请改叶字段,参数区,
baseline,cfg.figures.formats,project/cases/per_case/tandem_baseline_r2/tandem_baseline_r2_case.m:307,"{'png', 'fig'}","[""png"", ""fig""]","[""png"", ""fig""]",相同,tblR2.figures_global / figures_family -> 实际绘图函数（需按job检查）（按调用组定位，非逐字段动态覆盖证明）,用户可调（消费者和本case模式生效时）,参数区,
baseline,cfg.figures.export_dpi,project/cases/per_case/tandem_baseline_r2/tandem_baseline_r2_case.m:308,200,200,200,相同,project/lib/+tblR2/section4_vlsm_analysis.m:355,用户可调（消费者和本case模式生效时）,参数区,
baseline,cfg.figures.robust_color_quantiles,project/cases/per_case/tandem_baseline_r2/tandem_baseline_r2_case.m:309,[0.005 0.995],"[0.005, 0.995]","[0.005, 0.995]",相同,tblR2.figures_global / figures_family -> 实际绘图函数（需按job检查）（按调用组定位，非逐字段动态覆盖证明）,用户可调（消费者和本case模式生效时）,参数区,
baseline,cfg.figures.contour_levels,project/cases/per_case/tandem_baseline_r2/tandem_baseline_r2_case.m:310,struct(),{},"{""default"": 60}",未作值相等断言,tblR2.figures_global / figures_family -> 实际绘图函数（需按job检查）（按调用组定位，非逐字段动态覆盖证明）,配置容器/初值复制；请改叶字段,参数区,
baseline,cfg.figures.contour_levels.default,project/cases/per_case/tandem_baseline_r2/tandem_baseline_r2_case.m:311,60,60,60,相同,tblR2.figures_global / figures_family -> 实际绘图函数（需按job检查）（按调用组定位，非逐字段动态覆盖证明）,用户可调（消费者和本case模式生效时）,参数区,
baseline,cfg.figures.colormaps,project/cases/per_case/tandem_baseline_r2/tandem_baseline_r2_case.m:312,struct(),{},"{""default"": ""ocean"", ""mean_u"": ""turbo"", ""mean_v"": ""balance"", ""u_rms"": ""turbo"", ""v_rms"": ""turbo"", ""negative_uv"": ""balance"", ""tke"": ""turbo""}",未作值相等断言,tblR2.figures_global / figures_family -> 实际绘图函数（需按job检查）（按调用组定位，非逐字段动态覆盖证明）,配置容器/初值复制；请改叶字段,参数区,
baseline,cfg.figures.colormaps.default,project/cases/per_case/tandem_baseline_r2/tandem_baseline_r2_case.m:313,'ocean',"""ocean""","""ocean""",相同,tblR2.figures_global / figures_family -> 实际绘图函数（需按job检查）（按调用组定位，非逐字段动态覆盖证明）,用户可调（消费者和本case模式生效时）,参数区,
baseline,cfg.figures.colormaps.mean_u,project/cases/per_case/tandem_baseline_r2/tandem_baseline_r2_case.m:314,'turbo',"""turbo""","""turbo""",相同,tblR2.figures_global / figures_family -> 实际绘图函数（需按job检查）（按调用组定位，非逐字段动态覆盖证明）,用户可调（消费者和本case模式生效时）,参数区,
baseline,cfg.figures.colormaps.mean_v,project/cases/per_case/tandem_baseline_r2/tandem_baseline_r2_case.m:315,'balance',"""balance""","""balance""",相同,tblR2.figures_global / figures_family -> 实际绘图函数（需按job检查）（按调用组定位，非逐字段动态覆盖证明）,用户可调（消费者和本case模式生效时）,参数区,
baseline,cfg.figures.colormaps.u_rms,project/cases/per_case/tandem_baseline_r2/tandem_baseline_r2_case.m:316,'turbo',"""turbo""","""turbo""",相同,tblR2.figures_global / figures_family -> 实际绘图函数（需按job检查）（按调用组定位，非逐字段动态覆盖证明）,用户可调（消费者和本case模式生效时）,参数区,
baseline,cfg.figures.colormaps.v_rms,project/cases/per_case/tandem_baseline_r2/tandem_baseline_r2_case.m:317,'turbo',"""turbo""","""turbo""",相同,tblR2.figures_global / figures_family -> 实际绘图函数（需按job检查）（按调用组定位，非逐字段动态覆盖证明）,用户可调（消费者和本case模式生效时）,参数区,
baseline,cfg.figures.colormaps.negative_uv,project/cases/per_case/tandem_baseline_r2/tandem_baseline_r2_case.m:318,'balance',"""balance""","""balance""",相同,tblR2.figures_global / figures_family -> 实际绘图函数（需按job检查）（按调用组定位，非逐字段动态覆盖证明）,用户可调（消费者和本case模式生效时）,参数区,
baseline,cfg.figures.colormaps.tke,project/cases/per_case/tandem_baseline_r2/tandem_baseline_r2_case.m:319,'turbo',"""turbo""","""turbo""",相同,tblR2.figures_global / figures_family -> 实际绘图函数（需按job检查）（按调用组定位，非逐字段动态覆盖证明）,用户可调（消费者和本case模式生效时）,参数区,
baseline,cfg.figures.window_size,project/cases/per_case/tandem_baseline_r2/tandem_baseline_r2_case.m:320,struct(),{},"{""default"": [1450, 760], ""mean_turbulence"": [1450, 760], ""mean_profiles"": [1500, 700], ""loglaw"": [1250, 560], ""loglaw_diagnostic"": [1250, 560], ""modern_clauser"": [1250, 560], ""modern_clauser_sensitivity"": [1400, 850], ""friction"": [1250, 550]}",未作值相等断言,tblR2.figures_global / figures_family -> 实际绘图函数（需按job检查）（按调用组定位，非逐字段动态覆盖证明）,配置容器/初值复制；请改叶字段,参数区,
baseline,cfg.figures.window_size.default,project/cases/per_case/tandem_baseline_r2/tandem_baseline_r2_case.m:321,[1450 760],"[1450, 760]","[1450, 760]",相同,tblR2.figures_global / figures_family -> 实际绘图函数（需按job检查）（按调用组定位，非逐字段动态覆盖证明）,用户可调（消费者和本case模式生效时）,参数区,
baseline,cfg.figures.window_size.mean_turbulence,project/cases/per_case/tandem_baseline_r2/tandem_baseline_r2_case.m:322,[1450 760],"[1450, 760]","[1450, 760]",相同,tblR2.figures_global / figures_family -> 实际绘图函数（需按job检查）（按调用组定位，非逐字段动态覆盖证明）,用户可调（消费者和本case模式生效时）,参数区,
baseline,cfg.figures.window_size.mean_profiles,project/cases/per_case/tandem_baseline_r2/tandem_baseline_r2_case.m:323,[1500 700],"[1500, 700]","[1500, 700]",相同,tblR2.figures_global / figures_family -> 实际绘图函数（需按job检查）（按调用组定位，非逐字段动态覆盖证明）,用户可调（消费者和本case模式生效时）,参数区,
baseline,cfg.figures.window_size.loglaw,project/cases/per_case/tandem_baseline_r2/tandem_baseline_r2_case.m:324,[1250 560],"[1250, 560]","[1250, 560]",相同,tblR2.figures_global / figures_family -> 实际绘图函数（需按job检查）（按调用组定位，非逐字段动态覆盖证明）,用户可调（消费者和本case模式生效时）,参数区,
baseline,cfg.figures.window_size.loglaw_diagnostic,project/cases/per_case/tandem_baseline_r2/tandem_baseline_r2_case.m:325,[1250 560],"[1250, 560]","[1250, 560]",相同,tblR2.figures_global / figures_family -> 实际绘图函数（需按job检查）（按调用组定位，非逐字段动态覆盖证明）,用户可调（消费者和本case模式生效时）,参数区,
baseline,cfg.figures.window_size.modern_clauser,project/cases/per_case/tandem_baseline_r2/tandem_baseline_r2_case.m:326,[1250 560],"[1250, 560]","[1250, 560]",相同,tblR2.figures_global / figures_family -> 实际绘图函数（需按job检查）（按调用组定位，非逐字段动态覆盖证明）,用户可调（消费者和本case模式生效时）,参数区,
baseline,cfg.figures.window_size.modern_clauser_sensitivity,project/cases/per_case/tandem_baseline_r2/tandem_baseline_r2_case.m:327,[1400 850],"[1400, 850]","[1400, 850]",相同,tblR2.figures_global / figures_family -> 实际绘图函数（需按job检查）（按调用组定位，非逐字段动态覆盖证明）,用户可调（消费者和本case模式生效时）,参数区,
baseline,cfg.figures.window_size.friction,project/cases/per_case/tandem_baseline_r2/tandem_baseline_r2_case.m:328,[1250 550],"[1250, 550]","[1250, 550]",相同,tblR2.figures_global / figures_family -> 实际绘图函数（需按job检查）（按调用组定位，非逐字段动态覆盖证明）,用户可调（消费者和本case模式生效时）,参数区,
baseline,cfg.figures.color_limits,project/cases/per_case/tandem_baseline_r2/tandem_baseline_r2_case.m:329,struct(),{},"{""mean_u"": [0.3, 1.03], ""mean_v"": [-0.01, 0.01], ""u_rms"": [0.02, 0.32], ""v_rms"": [0.015, 0.13], ""negative_uv"": [-0.0016, 0.0016], ""tke"": [0.0, 0.06]}",未作值相等断言,tblR2.figures_global / figures_family -> 实际绘图函数（需按job检查）（按调用组定位，非逐字段动态覆盖证明）,配置容器/初值复制；请改叶字段,参数区,
baseline,cfg.figures.color_limits.mean_u,project/cases/per_case/tandem_baseline_r2/tandem_baseline_r2_case.m:330,[0.30 1.03],"[0.3, 1.03]","[0.3, 1.03]",相同,tblR2.figures_global / figures_family -> 实际绘图函数（需按job检查）（按调用组定位，非逐字段动态覆盖证明）,用户可调（消费者和本case模式生效时）,参数区,
baseline,cfg.figures.color_limits.mean_v,project/cases/per_case/tandem_baseline_r2/tandem_baseline_r2_case.m:331,[-0.01 0.01],"[-0.01, 0.01]","[-0.01, 0.01]",相同,tblR2.figures_global / figures_family -> 实际绘图函数（需按job检查）（按调用组定位，非逐字段动态覆盖证明）,用户可调（消费者和本case模式生效时）,参数区,
baseline,cfg.figures.color_limits.u_rms,project/cases/per_case/tandem_baseline_r2/tandem_baseline_r2_case.m:332,[0.02 0.32],"[0.02, 0.32]","[0.02, 0.32]",相同,tblR2.figures_global / figures_family -> 实际绘图函数（需按job检查）（按调用组定位，非逐字段动态覆盖证明）,用户可调（消费者和本case模式生效时）,参数区,
baseline,cfg.figures.color_limits.v_rms,project/cases/per_case/tandem_baseline_r2/tandem_baseline_r2_case.m:333,[0.015 0.13],"[0.015, 0.13]","[0.015, 0.13]",相同,tblR2.figures_global / figures_family -> 实际绘图函数（需按job检查）（按调用组定位，非逐字段动态覆盖证明）,用户可调（消费者和本case模式生效时）,参数区,
baseline,cfg.figures.color_limits.negative_uv,project/cases/per_case/tandem_baseline_r2/tandem_baseline_r2_case.m:334,[-0.0016 0.0016],"[-0.0016, 0.0016]","[-0.0016, 0.0016]",相同,tblR2.figures_global / figures_family -> 实际绘图函数（需按job检查）（按调用组定位，非逐字段动态覆盖证明）,用户可调（消费者和本case模式生效时）,参数区,
baseline,cfg.figures.color_limits.tke,project/cases/per_case/tandem_baseline_r2/tandem_baseline_r2_case.m:335,[0 0.06],"[0, 0.06]","[0.0, 0.06]",相同（数值类型表示差异）,tblR2.figures_global / figures_family -> 实际绘图函数（需按job检查）（按调用组定位，非逐字段动态覆盖证明）,用户可调（消费者和本case模式生效时）,参数区,
baseline,cfg.figures.fov_aspect_ratio,project/cases/per_case/tandem_baseline_r2/tandem_baseline_r2_case.m:336,[1 1],"[1, 1]","[1, 1]",相同,tblR2.figures_global / figures_family -> 实际绘图函数（需按job检查）（按调用组定位，非逐字段动态覆盖证明）,用户可调（消费者和本case模式生效时）,参数区,
baseline,cfg.figures.instantaneous,project/cases/per_case/tandem_baseline_r2/tandem_baseline_r2_case.m:337,struct(),{},"{""frame_range"": [1, 3], ""frame_stride"": 1, ""animation"": {""enabled"": 0, ""fps"": 5}, ""color_limits"": {}}",未作值相等断言,tblR2.figures_global / figures_family -> 实际绘图函数（需按job检查）（按调用组定位，非逐字段动态覆盖证明）,配置容器/初值复制；请改叶字段,参数区,
baseline,cfg.figures.instantaneous.frame_range,project/cases/per_case/tandem_baseline_r2/tandem_baseline_r2_case.m:338,[1 3],"[1, 3]","[1, 3]",相同,tblR2.figures_global / figures_family -> 实际绘图函数（需按job检查）（按调用组定位，非逐字段动态覆盖证明）,用户可调（消费者和本case模式生效时）,参数区,
baseline,cfg.figures.instantaneous.frame_stride,project/cases/per_case/tandem_baseline_r2/tandem_baseline_r2_case.m:339,1,1,1,相同,tblR2.figures_global / figures_family -> 实际绘图函数（需按job检查）（按调用组定位，非逐字段动态覆盖证明）,用户可调（消费者和本case模式生效时）,参数区,
baseline,cfg.figures.instantaneous.animation,project/cases/per_case/tandem_baseline_r2/tandem_baseline_r2_case.m:340,struct(),{},"{""enabled"": 0, ""fps"": 5}",未作值相等断言,tblR2.figures_global / figures_family -> 实际绘图函数（需按job检查）（按调用组定位，非逐字段动态覆盖证明）,配置容器/初值复制；请改叶字段,参数区,
baseline,cfg.figures.instantaneous.animation.enabled,project/cases/per_case/tandem_baseline_r2/tandem_baseline_r2_case.m:341,false,false,0,相同（数值类型表示差异）,tblR2.figures_global / figures_family -> 实际绘图函数（需按job检查）（按调用组定位，非逐字段动态覆盖证明）,用户可调（消费者和本case模式生效时）,参数区,
baseline,cfg.figures.instantaneous.animation.fps,project/cases/per_case/tandem_baseline_r2/tandem_baseline_r2_case.m:342,5,5,5,相同,tblR2.figures_global / figures_family -> 实际绘图函数（需按job检查）（按调用组定位，非逐字段动态覆盖证明）,用户可调（消费者和本case模式生效时）,参数区,
baseline,cfg.figures.instantaneous.color_limits,project/cases/per_case/tandem_baseline_r2/tandem_baseline_r2_case.m:343,struct(),{},{},未作值相等断言,tblR2.figures_global / figures_family -> 实际绘图函数（需按job检查）（按调用组定位，非逐字段动态覆盖证明）,配置容器/初值复制；请改叶字段,参数区,
baseline,cfg.figures.jobs,project/cases/per_case/tandem_baseline_r2/tandem_baseline_r2_case.m:344,"{'mean_turbulence', 'mean_profiles', 'loglaw', 'loglaw_diagnostic', 'modern_clauser', 'friction', 'structures', 'transport', 'temporal_spectra', 'spatial_spectra', 'pod', 'dmd', 'lcs_ftle', 'spod', 'phase_triple', 'correlations', 'harmonics'}","[""mean_turbulence"", ""mean_profiles"", ""loglaw"", ""loglaw_diagnostic"", ""modern_clauser"", ""friction"", ""structures"", ""transport"", ""temporal_spectra"", ""spatial_spectra"", ""pod"", ""dmd"", ""lcs_ftle"", ""spod"", ""phase_triple"", ""correlations"", ""harmonics""]","[""mean_turbulence"", ""mean_profiles"", ""loglaw"", ""loglaw_diagnostic"", ""modern_clauser"", ""friction"", ""structures"", ""transport"", ""temporal_spectra"", ""spatial_spectra"", ""pod"", ""dmd"", ""lcs_ftle"", ""spod"", ""phase_triple"", ""correlations"", ""harmonics""]",相同,tblR2.figures_global / figures_family -> 实际绘图函数（需按job检查）（按调用组定位，非逐字段动态覆盖证明）,用户可调（消费者和本case模式生效时）,参数区,
baseline,cfg.preview,project/cases/per_case/tandem_baseline_r2/tandem_baseline_r2_case.m:345,struct(),{},"{""enabled"": 0}",未作值相等断言,project/lib/+tblR2/plot_core_products.m:437; project/lib/+tblR2/plot_core_products.m:438,配置容器/初值复制；请改叶字段,参数区,
baseline,cfg.preview.enabled,project/cases/per_case/tandem_baseline_r2/tandem_baseline_r2_case.m:346,false,false,0,相同（数值类型表示差异）,主脚本或动态字段消费者；未穷尽静态追踪（按调用组定位，非逐字段动态覆盖证明）,用户可调（消费者和本case模式生效时）,参数区,
baseline,cfg.sources.raw.roots,project/cases/per_case/tandem_baseline_r2/tandem_baseline_r2_case.m:394,raw.roots,"""<动态表达式；以 expression 列为准>""","[""J:\\Export0731\\TempData0731_LinZheng\\Tandem\\Tandem_Baseline_PIV_3rd"", ""J:\\Export0731\\TempData0731_LinZheng\\Tandem\\Tandem_Baseline_PIV_2nd""]",未作值相等断言,project/lib/+tblR2/validate_config.m:109,用户可调（消费者和本case模式生效时）,执行段/条件性赋值,运行时由缓存元数据或DAT探测覆盖；当前记录身份见P0报告，不能纯凭脚本推断在线DAT状态。
baseline,cfg.sources.raw.offsets,project/cases/per_case/tandem_baseline_r2/tandem_baseline_r2_case.m:395,raw.offsets,"""<动态表达式；以 expression 列为准>""","[0, 0]",未作值相等断言,tblR2.prepare_sequence_cache（实际来源初始化段后赋值）（按调用组定位，非逐字段动态覆盖证明）,用户可调（消费者和本case模式生效时）,执行段/条件性赋值,运行时由缓存元数据或DAT探测覆盖；当前记录身份见P0报告，不能纯凭脚本推断在线DAT状态。
baseline,cfg.sources.raw.ids,project/cases/per_case/tandem_baseline_r2/tandem_baseline_r2_case.m:396,raw.repeat_ids,"""<动态表达式；以 expression 列为准>""","[""Tandem_Baseline_PIV_3rd"", ""Tandem_Baseline_PIV_2nd""]",未作值相等断言,tblR2.prepare_sequence_cache（实际来源初始化段后赋值）（按调用组定位，非逐字段动态覆盖证明）,用户可调（消费者和本case模式生效时）,执行段/条件性赋值,运行时由缓存元数据或DAT探测覆盖；当前记录身份见P0报告，不能纯凭脚本推断在线DAT状态。
baseline,cfg.sources.postproc.roots,project/cases/per_case/tandem_baseline_r2/tandem_baseline_r2_case.m:397,post.roots,"""<动态表达式；以 expression 列为准>""","[""J:\\Export0731\\TempData0731_LinZheng\\Tandem\\Tandem_Baseline_PostProc_3rd"", ""J:\\Export0731\\TempData0731_LinZheng\\Tandem\\Tandem_Baseline_PostProc_2nd""]",未作值相等断言,tblR2.prepare_sequence_cache（实际来源初始化段后赋值）（按调用组定位，非逐字段动态覆盖证明）,用户可调（消费者和本case模式生效时）,执行段/条件性赋值,运行时由缓存元数据或DAT探测覆盖；当前记录身份见P0报告，不能纯凭脚本推断在线DAT状态。
baseline,cfg.sources.postproc.offsets,project/cases/per_case/tandem_baseline_r2/tandem_baseline_r2_case.m:398,post.offsets,"""<动态表达式；以 expression 列为准>""","[0, 0]",未作值相等断言,tblR2.prepare_sequence_cache（实际来源初始化段后赋值）（按调用组定位，非逐字段动态覆盖证明）,用户可调（消费者和本case模式生效时）,执行段/条件性赋值,运行时由缓存元数据或DAT探测覆盖；当前记录身份见P0报告，不能纯凭脚本推断在线DAT状态。
baseline,cfg.sources.postproc.ids,project/cases/per_case/tandem_baseline_r2/tandem_baseline_r2_case.m:399,post.repeat_ids,"""<动态表达式；以 expression 列为准>""","[""Tandem_Baseline_PostProc_3rd"", ""Tandem_Baseline_PostProc_2nd""]",未作值相等断言,tblR2.prepare_sequence_cache（实际来源初始化段后赋值）（按调用组定位，非逐字段动态覆盖证明）,用户可调（消费者和本case模式生效时）,执行段/条件性赋值,运行时由缓存元数据或DAT探测覆盖；当前记录身份见P0报告，不能纯凭脚本推断在线DAT状态。
baseline,cfg.data_root,project/cases/per_case/tandem_baseline_r2/tandem_baseline_r2_case.m:400,cfg.sources.raw.roots{1},"""<动态表达式；以 expression 列为准>""","""J:\\Export0731\\TempData0731_LinZheng\\Tandem\\Tandem_Baseline_PIV_3rd""",未作值相等断言,project/lib/+tblR2/save_result.m:6; project/lib/+tblR2/validate_config.m:109; project/lib/+tblR2/section4_vlsm_analysis.m:909,身份或派生字段；非日常科学参数,执行段/条件性赋值,
baseline,cfg,project/cases/per_case/tandem_baseline_r2/tandem_baseline_r2_case.m:404,tblR2.validate_config(cfg),"""<配置容器或校验返回值>""","""<非cfg字段>""",未作值相等断言,project/lib/+tblR2/mean_stats_cache.m:57; project/lib/+tblR2/quadrant_streaming.m:1; project/lib/+tblR2/quadrant_streaming.m:5; project/lib/+tblR2/quadrant_streaming.m:6; project/lib/+tblR2/quadrant_streaming.m:7; project/lib/+tblR2/quadrant_streaming.m:19; project/lib/+tblR2/quadrant_streaming.m:20; project/lib/+tblR2/quadrant_streaming.m:50,用户可调（消费者和本case模式生效时）,执行段/条件性赋值,
baseline,cache_cfg.rebuild_cache,project/cases/per_case/tandem_baseline_r2/tandem_baseline_r2_case.m:431,"strcmp(cfg.stages.cache, 'compute')","""<动态表达式；以 expression 列为准>""","""<非cfg字段>""",未作值相等断言,主脚本或动态字段消费者；未穷尽静态追踪（按调用组定位，非逐字段动态覆盖证明）,身份或派生字段；非日常科学参数,执行段/条件性赋值,
baseline,cfg.preview,project/cases/per_case/tandem_baseline_r2/tandem_baseline_r2_case.m:502,"struct('enabled', true)","{""enabled"": true}","{""enabled"": 0}",未作值相等断言,project/lib/+tblR2/plot_core_products.m:437; project/lib/+tblR2/plot_core_products.m:438,配置容器/初值复制；请改叶字段,执行段/条件性赋值,
controlled,cfg,project/cases/per_case/tandem_f40a3_phi0_r2/tandem_f40a3_phi0_r2_case.m:15,struct(),"""<配置容器或校验返回值>""","""<非cfg字段>""",未作值相等断言,project/lib/+tblR2/mean_stats_cache.m:57; project/lib/+tblR2/quadrant_streaming.m:1; project/lib/+tblR2/quadrant_streaming.m:5; project/lib/+tblR2/quadrant_streaming.m:6; project/lib/+tblR2/quadrant_streaming.m:7; project/lib/+tblR2/quadrant_streaming.m:19; project/lib/+tblR2/quadrant_streaming.m:20; project/lib/+tblR2/quadrant_streaming.m:50,用户可调（消费者和本case模式生效时）,参数区,
controlled,cfg.schema_version,project/cases/per_case/tandem_f40a3_phi0_r2/tandem_f40a3_phi0_r2_case.m:16,2,2,2,相同,project/lib/+tblR2/section4_vlsm_analysis.m:303; project/lib/+d23/initialize_run.m:28,身份或派生字段；非日常科学参数,参数区,
controlled,cfg.case_id,project/cases/per_case/tandem_f40a3_phi0_r2/tandem_f40a3_phi0_r2_case.m:17,'per_case/tandem_f40a3_phi0_r2',"""per_case/tandem_f40a3_phi0_r2""","""per_case/tandem_f40a3_phi0_r2""",相同,project/lib/+tblR2/load_result.m:15; project/lib/+tblR2/save_result.m:5; project/lib/+tblR2/prepare_sequence_cache.m:243; project/lib/+tblR2/prepare_sequence_cache.m:344; project/lib/+tblR2/write_case_card.m:8; project/lib/+tblR2/transport_statistics.m:41; project/lib/+tblR2/transport_statistics.m:42; project/lib/+tblR2/section5_run.m:35,身份或派生字段；非日常科学参数,参数区,
controlled,cfg.case_type,project/cases/per_case/tandem_f40a3_phi0_r2/tandem_f40a3_phi0_r2_case.m:18,'controlled',"""controlled""","""controlled""",相同,project/lib/+tblR2/structure_analysis_cache.m:116; project/lib/+tblR2/structure_analysis_cache.m:222; project/lib/+tblR2/structure_analysis_cache.m:320; project/lib/+tblR2/structure_analysis_cache.m:471; project/lib/+tblR2/write_case_card.m:8; project/lib/+tblR2/section5_run.m:76; project/lib/+tblR2/section5_run.m:79; project/lib/+tblR2/streamwise_development_analysis.m:50,身份或派生字段；非日常科学参数,参数区,
controlled,cfg.name,project/cases/per_case/tandem_f40a3_phi0_r2/tandem_f40a3_phi0_r2_case.m:19,'串列 40 Hz 受控工况精简版 r2',"""串列 40 Hz 受控工况精简版 r2""","""串列 40 Hz 受控工况精简版 r2""",相同,project/lib/+tblR2/write_case_card.m:7; project/lib/+tblR2/plot_core_products.m:2294; project/lib/+tblR2/plot_core_products.m:2295,用户可调（消费者和本case模式生效时）,参数区,
controlled,cfg.script_file,project/cases/per_case/tandem_f40a3_phi0_r2/tandem_f40a3_phi0_r2_case.m:20,script_file,"""<动态表达式；以 expression 列为准>""","""D:\\Users\\Frank_7840HSw\\Desktop\\202605实验快反计算\\Current_Plate_Calculation\\cases\\per_case\\tandem_f40a3_phi0_r2\\tandem_f40a3_phi0_r2_case.m""",未作值相等断言,project/lib/+tblR2/ensure_external_toolboxes.m:10; project/lib/+tblR2/ensure_external_toolboxes.m:11; project/lib/+tblR2/section4_vlsm_analysis.m:835,身份或派生字段；非日常科学参数,参数区,
controlled,cfg.output_dir,project/cases/per_case/tandem_f40a3_phi0_r2/tandem_f40a3_phi0_r2_case.m:22,"fullfile(repo_root, 'cases', 'per_case', 'tandem_f40a3_phi0_r2', 'output')","""<动态表达式；以 expression 列为准>""","""D:\\Users\\Frank_7840HSw\\Desktop\\202605实验快反计算\\Current_Plate_Calculation\\cases\\per_case\\tandem_f40a3_phi0_r2\\output""",未作值相等断言,project/lib/+tblR2/section4_vlsm_analysis.m:173; project/lib/+tblR2/section4_vlsm_analysis.m:293; project/lib/+tblR2/section4_vlsm_analysis.m:294; project/lib/+tblR2/section4_vlsm_analysis.m:295,身份或派生字段；非日常科学参数,参数区,
controlled,cfg.stages,project/cases/per_case/tandem_f40a3_phi0_r2/tandem_f40a3_phi0_r2_case.m:25,struct(),{},"{""cache"": ""reuse"", ""statistics"": ""reuse"", ""mean_bl"": ""reuse"", ""phase"": ""reuse"", ""structures"": ""compute"", ""transport"": ""skip"", ""temporal"": ""skip"", ""spatial"": ""skip"", ""pod"": ""skip"", ""dmd"": ""skip"", ""lcs"": ""skip"", ""spod"": ""skip"", ""correlations"": ""skip"", ""harmonics"": ""skip"", ""figures"": ""compute""}",未作值相等断言,project/lib/+tblR2/mean_stats_cache.m:57; project/lib/+tblR2/prepare_sequence_cache.m:46; project/lib/+tblR2/prepare_sequence_cache.m:47; project/lib/+tblR2/prepare_sequence_cache.m:306; project/lib/+tblR2/prepare_sequence_cache.m:323; project/lib/+tblR2/prepare_sequence_cache.m:328; project/lib/+tblR2/prepare_sequence_cache.m:357; project/lib/+tblR2/prepare_sequence_cache.m:392,配置容器/初值复制；请改叶字段,参数区,
controlled,cfg.stages.cache,project/cases/per_case/tandem_f40a3_phi0_r2/tandem_f40a3_phi0_r2_case.m:26,'reuse',"""reuse""","""reuse""",相同,project/lib/+tblR2/mean_stats_cache.m:57; project/lib/+tblR2/prepare_sequence_cache.m:47; project/lib/+tblR2/prepare_sequence_cache.m:306; project/lib/+tblR2/prepare_sequence_cache.m:323; project/lib/+tblR2/prepare_sequence_cache.m:328; project/lib/+tblR2/prepare_sequence_cache.m:357; project/lib/+tblR2/prepare_sequence_cache.m:392,用户可调（消费者和本case模式生效时）,参数区,
controlled,cfg.stages.statistics,project/cases/per_case/tandem_f40a3_phi0_r2/tandem_f40a3_phi0_r2_case.m:27,'reuse',"""reuse""","""reuse""",相同,主脚本对应节 compute/reuse/skip 分支（按调用组定位，非逐字段动态覆盖证明）,用户可调（消费者和本case模式生效时）,参数区,
controlled,cfg.stages.mean_bl,project/cases/per_case/tandem_f40a3_phi0_r2/tandem_f40a3_phi0_r2_case.m:28,'reuse',"""reuse""","""reuse""",相同,主脚本对应节 compute/reuse/skip 分支（按调用组定位，非逐字段动态覆盖证明）,用户可调（消费者和本case模式生效时）,参数区,
controlled,cfg.stages.phase,project/cases/per_case/tandem_f40a3_phi0_r2/tandem_f40a3_phi0_r2_case.m:29,'reuse',"""reuse""","""reuse""",相同,project/lib/+tblR2/write_case_card.m:11; project/lib/+tblR2/validate_config.m:83; project/lib/+tblR2/validate_config.m:87,用户可调（消费者和本case模式生效时）,参数区,
controlled,cfg.stages.structures,project/cases/per_case/tandem_f40a3_phi0_r2/tandem_f40a3_phi0_r2_case.m:30,'compute',"""compute""","""compute""",相同,主脚本对应节 compute/reuse/skip 分支（按调用组定位，非逐字段动态覆盖证明）,用户可调（消费者和本case模式生效时）,参数区,
controlled,cfg.stages.transport,project/cases/per_case/tandem_f40a3_phi0_r2/tandem_f40a3_phi0_r2_case.m:31,'skip',"""skip""","""skip""",相同,主脚本对应节 compute/reuse/skip 分支（按调用组定位，非逐字段动态覆盖证明）,用户可调（消费者和本case模式生效时）,参数区,
controlled,cfg.stages.temporal,project/cases/per_case/tandem_f40a3_phi0_r2/tandem_f40a3_phi0_r2_case.m:32,'skip',"""skip""","""skip""",相同,主脚本对应节 compute/reuse/skip 分支（按调用组定位，非逐字段动态覆盖证明）,用户可调（消费者和本case模式生效时）,参数区,
controlled,cfg.stages.spatial,project/cases/per_case/tandem_f40a3_phi0_r2/tandem_f40a3_phi0_r2_case.m:33,'skip',"""skip""","""skip""",相同,主脚本对应节 compute/reuse/skip 分支（按调用组定位，非逐字段动态覆盖证明）,用户可调（消费者和本case模式生效时）,参数区,
controlled,cfg.stages.pod,project/cases/per_case/tandem_f40a3_phi0_r2/tandem_f40a3_phi0_r2_case.m:34,'skip',"""skip""","""skip""",相同,主脚本对应节 compute/reuse/skip 分支（按调用组定位，非逐字段动态覆盖证明）,用户可调（消费者和本case模式生效时）,参数区,
controlled,cfg.stages.dmd,project/cases/per_case/tandem_f40a3_phi0_r2/tandem_f40a3_phi0_r2_case.m:35,'skip',"""skip""","""skip""",相同,project/lib/+tblR2/ensure_external_toolboxes.m:18; project/lib/+tblR2/dmd_module.m:78,用户可调（消费者和本case模式生效时）,参数区,
controlled,cfg.stages.lcs,project/cases/per_case/tandem_f40a3_phi0_r2/tandem_f40a3_phi0_r2_case.m:36,'skip',"""skip""","""skip""",相同,主脚本对应节 compute/reuse/skip 分支（按调用组定位，非逐字段动态覆盖证明）,用户可调（消费者和本case模式生效时）,参数区,
controlled,cfg.stages.spod,project/cases/per_case/tandem_f40a3_phi0_r2/tandem_f40a3_phi0_r2_case.m:37,'skip',"""skip""","""skip""",相同,project/lib/+tblR2/ensure_external_toolboxes.m:20,用户可调（消费者和本case模式生效时）,参数区,
controlled,cfg.stages.correlations,project/cases/per_case/tandem_f40a3_phi0_r2/tandem_f40a3_phi0_r2_case.m:38,'skip',"""skip""","""skip""",相同,主脚本对应节 compute/reuse/skip 分支（按调用组定位，非逐字段动态覆盖证明）,用户可调（消费者和本case模式生效时）,参数区,
controlled,cfg.stages.harmonics,project/cases/per_case/tandem_f40a3_phi0_r2/tandem_f40a3_phi0_r2_case.m:39,'skip',"""skip""","""skip""",相同,主脚本对应节 compute/reuse/skip 分支（按调用组定位，非逐字段动态覆盖证明）,用户可调（消费者和本case模式生效时）,参数区,
controlled,cfg.stages.figures,project/cases/per_case/tandem_f40a3_phi0_r2/tandem_f40a3_phi0_r2_case.m:40,'compute',"""compute""","""compute""",相同,主脚本对应节 compute/reuse/skip 分支（按调用组定位，非逐字段动态覆盖证明）,用户可调（消费者和本case模式生效时）,参数区,
controlled,cfg.wall_side,project/cases/per_case/tandem_f40a3_phi0_r2/tandem_f40a3_phi0_r2_case.m:43,'top',"""top""","""top""",相同,project/lib/+tblR2/prepare_sequence_cache.m:165; project/lib/+tblR2/prepare_sequence_cache.m:194; project/lib/+tblR2/prepare_sequence_cache.m:211; project/lib/+tblR2/prepare_sequence_cache.m:256; project/lib/+tblR2/prepare_sequence_cache.m:348; project/lib/+tblR2/validate_config.m:113; project/lib/+tblR2/validate_config.m:115,用户可调（消费者和本case模式生效时）,参数区,
controlled,cfg.grid_size,project/cases/per_case/tandem_f40a3_phi0_r2/tandem_f40a3_phi0_r2_case.m:44,[640 91],"[640, 91]","[640, 91]",相同,project/lib/+tblR2/load_result.m:17; project/lib/+tblR2/save_result.m:7; project/lib/+tblR2/prepare_sequence_cache.m:164; project/lib/+tblR2/prepare_sequence_cache.m:168; project/lib/+tblR2/prepare_sequence_cache.m:171; project/lib/+tblR2/prepare_sequence_cache.m:182; project/lib/+tblR2/prepare_sequence_cache.m:193; project/lib/+tblR2/prepare_sequence_cache.m:210,用户可调（消费者和本case模式生效时）,参数区,
controlled,cfg.fs,project/cases/per_case/tandem_f40a3_phi0_r2/tandem_f40a3_phi0_r2_case.m:45,960,960,960,相同,project/lib/+tblR2/temporal_spectra_cache.m:46; project/lib/+tblR2/temporal_spectra_cache.m:73; project/lib/+tblR2/temporal_spectra_cache.m:75; project/lib/+tblR2/temporal_spectra_cache.m:126; project/lib/+tblR2/load_result.m:18; project/lib/+tblR2/save_result.m:7; project/lib/+tblR2/prepare_sequence_cache.m:266; project/lib/+tblR2/prepare_sequence_cache.m:346,用户可调（消费者和本case模式生效时）,参数区,
controlled,cfg.Uinf,project/cases/per_case/tandem_f40a3_phi0_r2/tandem_f40a3_phi0_r2_case.m:46,25,25,25,相同,project/lib/+tblR2/mean_bl_friction.m:39; project/lib/+tblR2/mean_bl_friction.m:54; project/lib/+tblR2/section4_vlsm_figures.m:204; project/lib/+tblR2/plot_core_products.m:2285; project/lib/+tblR2/plot_core_products.m:2286; project/lib/+tblR2/plot_core_products.m:2287; project/lib/+tblR2/plot_core_products.m:2288; project/lib/+tblR2/section4_vlsm_analysis.m:360,用户可调（消费者和本case模式生效时）,参数区,
controlled,cfg.nu,project/cases/per_case/tandem_f40a3_phi0_r2/tandem_f40a3_phi0_r2_case.m:47,1.48e-5,1.48e-05,1.48e-05,相同,project/lib/+tblR2/mean_bl_friction.m:39; project/lib/+tblR2/mean_bl_friction.m:54; project/lib/+tblR2/mean_bl_friction.m:116; project/lib/+tblR2/mean_bl_friction.m:153; project/lib/+tblR2/temporal_spectra_cache.m:86; project/lib/+tblR2/section4_vlsm_analysis.m:312; project/lib/+tblR2/+vlsmpod/prepare_context.m:64; project/lib/+tblR2/+vlsmpod/prepare_context.m:65,用户可调（消费者和本case模式生效时）,参数区,
controlled,cfg.rho,project/cases/per_case/tandem_f40a3_phi0_r2/tandem_f40a3_phi0_r2_case.m:48,1.20,1.2,1.2,相同,project/lib/+tblR2/mean_bl_friction.m:153,用户可调（消费者和本case模式生效时）,参数区,
controlled,cfg.D_mm,project/cases/per_case/tandem_f40a3_phi0_r2/tandem_f40a3_phi0_r2_case.m:49,30,30,30,相同,主脚本或动态字段消费者；未穷尽静态追踪（按调用组定位，非逐字段动态覆盖证明）,用户可调（消费者和本case模式生效时）,参数区,
controlled,cfg.x_max,project/cases/per_case/tandem_f40a3_phi0_r2/tandem_f40a3_phi0_r2_case.m:50,328,328,328,相同,project/lib/+tblR2/mean_bl_friction.m:25; project/lib/+tblR2/mean_bl_friction.m:139,用户可调（消费者和本case模式生效时）,参数区,
controlled,cfg.min_valid_fraction,project/cases/per_case/tandem_f40a3_phi0_r2/tandem_f40a3_phi0_r2_case.m:51,0.70,0.7,0.7,相同,project/lib/+tblR2/section5_run.m:76; project/lib/+tblR2/validate_config.m:32; project/lib/+d23/joint_pod_array.m:16; project/lib/+d23/build_pod_cache.m:13; project/lib/+d23/build_pod_cache.m:111; project/lib/+d23/build_pod_cache.m:303,用户可调（消费者和本case模式生效时）,参数区,
controlled,cfg.rebuild_cache,project/cases/per_case/tandem_f40a3_phi0_r2/tandem_f40a3_phi0_r2_case.m:52,false,false,0,相同（数值类型表示差异）,project/lib/+tblR2/prepare_sequence_cache.m:88,重复入口；当前值按 stages.cache 在执行段派生覆盖,参数区,
controlled,cfg.frame_offset,project/cases/per_case/tandem_f40a3_phi0_r2/tandem_f40a3_phi0_r2_case.m:55,0,0,0,相同,project/lib/+tblR2/prepare_sequence_cache.m:61; project/lib/+tblR2/prepare_sequence_cache.m:142; project/lib/+tblR2/prepare_sequence_cache.m:338; project/lib/+tblR2/validate_config.m:29,用户可调（消费者和本case模式生效时）,参数区,
controlled,cfg.n_frames,project/cases/per_case/tandem_f40a3_phi0_r2/tandem_f40a3_phi0_r2_case.m:56,6000,6000,6000,相同,project/lib/+tblR2/load_result.m:16; project/lib/+tblR2/save_result.m:6; project/lib/+tblR2/prepare_sequence_cache.m:76; project/lib/+tblR2/prepare_sequence_cache.m:135; project/lib/+tblR2/prepare_sequence_cache.m:138; project/lib/+tblR2/prepare_sequence_cache.m:142; project/lib/+tblR2/prepare_sequence_cache.m:144; project/lib/+tblR2/prepare_sequence_cache.m:151,用户可调（消费者和本case模式生效时）,参数区,
controlled,cfg.total_frames,project/cases/per_case/tandem_f40a3_phi0_r2/tandem_f40a3_phi0_r2_case.m:57,2 * cfg.n_frames,12000,12000,相同,project/lib/+tblR2/save_result.m:6; project/lib/+tblR2/write_case_card.m:10; project/lib/+tblR2/pod_denoise_prepare.m:77; project/lib/+tblR2/pod_denoise_prepare_memory_friendly.m:28; project/lib/+tblR2/pod_denoise_prepare_memory_friendly.m:29; project/lib/+tblR2/pod_denoise_prepare_memory_friendly.m:34; project/lib/+tblR2/validate_config.m:105; project/lib/+tblR2/section4_vlsm_analysis.m:31,身份或派生字段；非日常科学参数,参数区,
controlled,cfg.formal_required_frames,project/cases/per_case/tandem_f40a3_phi0_r2/tandem_f40a3_phi0_r2_case.m:58,6000,6000,6000,相同,主脚本或动态字段消费者；未穷尽静态追踪（按调用组定位，非逐字段动态覆盖证明）,用户可调（消费者和本case模式生效时）,参数区,
controlled,cfg.allow_debug_snapshot,project/cases/per_case/tandem_f40a3_phi0_r2/tandem_f40a3_phi0_r2_case.m:59,false,false,0,相同（数值类型表示差异）,主脚本或动态字段消费者；未穷尽静态追踪（按调用组定位，非逐字段动态覆盖证明）,用户可调（消费者和本case模式生效时）,参数区,
controlled,cfg.chunk_frames,project/cases/per_case/tandem_f40a3_phi0_r2/tandem_f40a3_phi0_r2_case.m:60,48,48,48,相同,project/lib/+tblR2/quadrant_streaming.m:50; project/lib/+tblR2/quadrant_streaming.m:51; project/lib/+tblR2/structure_analysis_cache.m:48; project/lib/+tblR2/prepare_sequence_cache.m:162; project/lib/+tblR2/prepare_sequence_cache.m:191; project/lib/+tblR2/prepare_sequence_cache.m:207; project/lib/+tblR2/prepare_sequence_cache.m:208; project/lib/+tblR2/spatial_spectra_cache.m:103,用户可调（消费者和本case模式生效时）,参数区,
controlled,cfg.sources,project/cases/per_case/tandem_f40a3_phi0_r2/tandem_f40a3_phi0_r2_case.m:61,struct(),{},"{""raw"": {""roots"": [""J:\\Export0731\\TempData0731_LinZheng\\Tandem\\Tandem_f40A3_Phi+0_PIV_3rd"", ""J:\\Export0731\\TempData0731_LinZheng\\Tandem\\Tandem_f40A3_Phi+0_PIV_2nd""], ""offsets"": [0, 0], ""ids"": [""Tandem_f40A3_Phi+0_PIV_3rd"", ""Tandem_f40A3_Phi+0_PIV_2nd""]}, ""postproc"": {""roots"": [""J:\\Export0731\\TempData0731_LinZheng\\Tandem\\Tandem_f40A3_Phi+0_PostProc_3rd"", ""J:\\Export0731\\TempData0731_LinZheng\\Tandem\\Tandem_f40A3_Phi+0_PostProc_2nd""], ""offsets"": [0, 0], ""ids"": [""Tandem_f40A3_Phi+0_PostProc_3rd"", ""Tandem_f40A3_Phi+0_PostProc_2nd""]}}",未作值相等断言,project/lib/+tblR2/prepare_sequence_cache.m:60; project/lib/+tblR2/prepare_sequence_cache.m:63; project/lib/+tblR2/prepare_sequence_cache.m:64; project/lib/+tblR2/prepare_sequence_cache.m:65; project/lib/+tblR2/prepare_sequence_cache.m:71; project/lib/+tblR2/prepare_sequence_cache.m:134; project/lib/+tblR2/prepare_sequence_cache.m:332; project/lib/+tblR2/prepare_sequence_cache.m:333,配置容器/初值复制；请改叶字段,参数区,
controlled,cfg.sources.raw,project/cases/per_case/tandem_f40a3_phi0_r2/tandem_f40a3_phi0_r2_case.m:62,struct(),{},"{""roots"": [""J:\\Export0731\\TempData0731_LinZheng\\Tandem\\Tandem_f40A3_Phi+0_PIV_3rd"", ""J:\\Export0731\\TempData0731_LinZheng\\Tandem\\Tandem_f40A3_Phi+0_PIV_2nd""], ""offsets"": [0, 0], ""ids"": [""Tandem_f40A3_Phi+0_PIV_3rd"", ""Tandem_f40A3_Phi+0_PIV_2nd""]}",未作值相等断言,project/lib/+tblR2/validate_config.m:109,配置容器/初值复制；请改叶字段,参数区,
controlled,cfg.sources.postproc,project/cases/per_case/tandem_f40a3_phi0_r2/tandem_f40a3_phi0_r2_case.m:63,struct(),{},"{""roots"": [""J:\\Export0731\\TempData0731_LinZheng\\Tandem\\Tandem_f40A3_Phi+0_PostProc_3rd"", ""J:\\Export0731\\TempData0731_LinZheng\\Tandem\\Tandem_f40A3_Phi+0_PostProc_2nd""], ""offsets"": [0, 0], ""ids"": [""Tandem_f40A3_Phi+0_PostProc_3rd"", ""Tandem_f40A3_Phi+0_PostProc_2nd""]}",未作值相等断言,tblR2.prepare_sequence_cache（实际来源初始化段后赋值）（按调用组定位，非逐字段动态覆盖证明）,配置容器/初值复制；请改叶字段,参数区,
controlled,source_root,project/cases/per_case/tandem_f40a3_phi0_r2/tandem_f40a3_phi0_r2_case.m:67,'J:\Export0731\TempData0731_LinZheng\Tandem',"""J:\\Export0731\\TempData0731_LinZheng\\Tandem""","""<非cfg字段>""",未作值相等断言,project/lib/+tblR2/prepare_sequence_cache.m:255; project/lib/+tblR2/prepare_sequence_cache.m:317; project/lib/+tblR2/prepare_sequence_cache.m:345; project/lib/+tblR2/prepare_sequence_cache.m:429; project/lib/+tblR2/prepare_sequence_cache.m:437,用户可调（消费者和本case模式生效时）,参数区,
controlled,raw_source_name,project/cases/per_case/tandem_f40a3_phi0_r2/tandem_f40a3_phi0_r2_case.m:68,'Tandem_f40A3_Phi+0_PIV',"""Tandem_f40A3_Phi+0_PIV""","""<非cfg字段>""",未作值相等断言,主脚本或动态字段消费者；未穷尽静态追踪（按调用组定位，非逐字段动态覆盖证明）,用户可调（消费者和本case模式生效时）,参数区,
controlled,postproc_source_name,project/cases/per_case/tandem_f40a3_phi0_r2/tandem_f40a3_phi0_r2_case.m:69,'Tandem_f40A3_Phi+0_PostProc',"""Tandem_f40A3_Phi+0_PostProc""","""<非cfg字段>""",未作值相等断言,主脚本或动态字段消费者；未穷尽静态追踪（按调用组定位，非逐字段动态覆盖证明）,用户可调（消费者和本case模式生效时）,参数区,
controlled,cfg.statistics_source,project/cases/per_case/tandem_f40a3_phi0_r2/tandem_f40a3_phi0_r2_case.m:73,'raw',"""raw""","""raw""",相同,主脚本或动态字段消费者；未穷尽静态追踪（按调用组定位，非逐字段动态覆盖证明）,用户可调（消费者和本case模式生效时）,参数区,
controlled,cfg.statistics_frame_mode,project/cases/per_case/tandem_f40a3_phi0_r2/tandem_f40a3_phi0_r2_case.m:74,'all',"""all""","""all""",相同,project/lib/+tblR2/section5_run.m:12; project/lib/+tblR2/section5_run.m:78,用户可调（消费者和本case模式生效时）,参数区,
controlled,cfg.profile,project/cases/per_case/tandem_f40a3_phi0_r2/tandem_f40a3_phi0_r2_case.m:77,struct(),{},"{""mode"": ""range_avg"", ""params"": [80, 180], ""U_inf_n_top"": 5}",未作值相等断言,project/lib/+tblR2/mean_bl_friction.m:28; project/lib/+tblR2/mean_bl_friction.m:35; project/lib/+tblR2/mean_bl_friction.m:36; project/lib/+tblR2/mean_bl_friction.m:37; project/lib/+tblR2/mean_bl_friction.m:65; project/lib/+tblR2/mean_bl_friction.m:72; project/lib/+tblR2/range_average_profiles.m:11; project/lib/+tblR2/range_average_profiles.m:41,配置容器/初值复制；请改叶字段,参数区,
controlled,cfg.profile.mode,project/cases/per_case/tandem_f40a3_phi0_r2/tandem_f40a3_phi0_r2_case.m:78,'range_avg',"""range_avg""","""range_avg""",相同,project/lib/+tblR2/mean_bl_friction.m:28; project/lib/+tblR2/mean_bl_friction.m:36; project/lib/+tblR2/range_average_profiles.m:41; project/lib/+tblR2/range_average_profiles.m:69,用户可调（消费者和本case模式生效时）,参数区,
controlled,cfg.profile.params,project/cases/per_case/tandem_f40a3_phi0_r2/tandem_f40a3_phi0_r2_case.m:79,[80 180],"[80, 180]","[80, 180]",相同,project/lib/+tblR2/mean_bl_friction.m:28; project/lib/+tblR2/mean_bl_friction.m:37; project/lib/+tblR2/range_average_profiles.m:42; project/lib/+tblR2/range_average_profiles.m:47,用户可调（消费者和本case模式生效时）,参数区,
controlled,cfg.profile.U_inf_n_top,project/cases/per_case/tandem_f40a3_phi0_r2/tandem_f40a3_phi0_r2_case.m:80,5,5,5,相同,project/lib/+tblR2/mean_bl_friction.m:35; project/lib/+tblR2/mean_bl_friction.m:65; project/lib/+tblR2/mean_bl_friction.m:72,用户可调（消费者和本case模式生效时）,参数区,
controlled,cfg.loglaw,project/cases/per_case/tandem_f40a3_phi0_r2/tandem_f40a3_phi0_r2_case.m:83,struct(),{},"{""mode"": ""auto"", ""skip_nearwall"": 0, ""rmse_yplus_range"": [80, 250], ""params"": {""kappa"": 0.4, ""B"": 5, ""dy_h"": 1.3, ""Cfnum"": 12}, ""applicability"": {""min_y_plus"": 30, ""max_y_over_delta"": 0.15, ""relative_target_tolerance"": 0.1, ""max_method_difference"": 0.15, ""min_contiguous_points"": 5, ""min_log10_span"": 1}}",未作值相等断言,project/lib/+tblR2/mean_bl_friction.m:21; project/lib/+tblR2/mean_bl_friction.m:31; project/lib/+tblR2/mean_bl_friction.m:32; project/lib/+tblR2/mean_bl_friction.m:33; project/lib/+tblR2/mean_bl_friction.m:34; project/lib/+tblR2/mean_bl_friction.m:44,配置容器/初值复制；请改叶字段,参数区,
controlled,cfg.loglaw.mode,project/cases/per_case/tandem_f40a3_phi0_r2/tandem_f40a3_phi0_r2_case.m:84,'auto',"""auto""","""auto""",相同,project/lib/+tblR2/mean_bl_friction.m:31,用户可调（消费者和本case模式生效时）,参数区,
controlled,cfg.loglaw.skip_nearwall,project/cases/per_case/tandem_f40a3_phi0_r2/tandem_f40a3_phi0_r2_case.m:85,0,0,0,相同,project/lib/+tblR2/mean_bl_friction.m:33,用户可调（消费者和本case模式生效时）,参数区,
controlled,cfg.loglaw.rmse_yplus_range,project/cases/per_case/tandem_f40a3_phi0_r2/tandem_f40a3_phi0_r2_case.m:86,[80 250],"[80, 250]","[80, 250]",相同,project/lib/+tblR2/mean_bl_friction.m:34,用户可调（消费者和本case模式生效时）,参数区,
controlled,cfg.loglaw.params,project/cases/per_case/tandem_f40a3_phi0_r2/tandem_f40a3_phi0_r2_case.m:87,struct(),{},"{""kappa"": 0.4, ""B"": 5, ""dy_h"": 1.3, ""Cfnum"": 12}",未作值相等断言,project/lib/+tblR2/mean_bl_friction.m:21; project/lib/+tblR2/mean_bl_friction.m:32; project/lib/+tblR2/mean_bl_friction.m:44,配置容器/初值复制；请改叶字段,参数区,
controlled,cfg.loglaw.params.kappa,project/cases/per_case/tandem_f40a3_phi0_r2/tandem_f40a3_phi0_r2_case.m:88,0.40,0.4,0.4,相同,tblR2.mean_bl_friction -> tblR2.bl.loglaw_fit_chen（按调用组定位，非逐字段动态覆盖证明）,用户可调（消费者和本case模式生效时）,参数区,
controlled,cfg.loglaw.params.B,project/cases/per_case/tandem_f40a3_phi0_r2/tandem_f40a3_phi0_r2_case.m:89,5.0,5.0,5,相同（数值类型表示差异）,tblR2.mean_bl_friction -> tblR2.bl.loglaw_fit_chen（按调用组定位，非逐字段动态覆盖证明）,用户可调（消费者和本case模式生效时）,参数区,
controlled,cfg.loglaw.params.dy_h,project/cases/per_case/tandem_f40a3_phi0_r2/tandem_f40a3_phi0_r2_case.m:90,1.3,1.3,1.3,相同,project/lib/+tblR2/mean_bl_friction.m:21; project/lib/+tblR2/mean_bl_friction.m:44,用户可调（消费者和本case模式生效时）,参数区,
controlled,cfg.loglaw.params.Cfnum,project/cases/per_case/tandem_f40a3_phi0_r2/tandem_f40a3_phi0_r2_case.m:91,12,12,12,相同,tblR2.mean_bl_friction -> tblR2.bl.loglaw_fit_chen（按调用组定位，非逐字段动态覆盖证明）,用户可调（消费者和本case模式生效时）,参数区,
controlled,cfg.loglaw.applicability,project/cases/per_case/tandem_f40a3_phi0_r2/tandem_f40a3_phi0_r2_case.m:92,struct(),{},"{""min_y_plus"": 30, ""max_y_over_delta"": 0.15, ""relative_target_tolerance"": 0.1, ""max_method_difference"": 0.15, ""min_contiguous_points"": 5, ""min_log10_span"": 1}",未作值相等断言,tblR2.mean_bl_friction -> tblR2.bl.loglaw_fit_chen（按调用组定位，非逐字段动态覆盖证明）,配置容器/初值复制；请改叶字段,参数区,
controlled,cfg.loglaw.applicability.min_y_plus,project/cases/per_case/tandem_f40a3_phi0_r2/tandem_f40a3_phi0_r2_case.m:93,30,30,30,相同,tblR2.mean_bl_friction -> tblR2.bl.loglaw_fit_chen（按调用组定位，非逐字段动态覆盖证明）,用户可调（消费者和本case模式生效时）,参数区,
controlled,cfg.loglaw.applicability.max_y_over_delta,project/cases/per_case/tandem_f40a3_phi0_r2/tandem_f40a3_phi0_r2_case.m:94,0.15,0.15,0.15,相同,tblR2.mean_bl_friction -> tblR2.bl.loglaw_fit_chen（按调用组定位，非逐字段动态覆盖证明）,用户可调（消费者和本case模式生效时）,参数区,
controlled,cfg.loglaw.applicability.relative_target_tolerance,project/cases/per_case/tandem_f40a3_phi0_r2/tandem_f40a3_phi0_r2_case.m:95,0.10,0.1,0.1,相同,tblR2.mean_bl_friction -> tblR2.bl.loglaw_fit_chen（按调用组定位，非逐字段动态覆盖证明）,用户可调（消费者和本case模式生效时）,参数区,
controlled,cfg.loglaw.applicability.max_method_difference,project/cases/per_case/tandem_f40a3_phi0_r2/tandem_f40a3_phi0_r2_case.m:96,0.15,0.15,0.15,相同,tblR2.mean_bl_friction -> tblR2.bl.loglaw_fit_chen（按调用组定位，非逐字段动态覆盖证明）,用户可调（消费者和本case模式生效时）,参数区,
controlled,cfg.loglaw.applicability.min_contiguous_points,project/cases/per_case/tandem_f40a3_phi0_r2/tandem_f40a3_phi0_r2_case.m:97,5,5,5,相同,tblR2.mean_bl_friction -> tblR2.bl.loglaw_fit_chen（按调用组定位，非逐字段动态覆盖证明）,用户可调（消费者和本case模式生效时）,参数区,
controlled,cfg.loglaw.applicability.min_log10_span,project/cases/per_case/tandem_f40a3_phi0_r2/tandem_f40a3_phi0_r2_case.m:98,1.0,1.0,1,相同（数值类型表示差异）,tblR2.mean_bl_friction -> tblR2.bl.loglaw_fit_chen（按调用组定位，非逐字段动态覆盖证明）,用户可调（消费者和本case模式生效时）,参数区,
controlled,cfg.modern_clauser,project/cases/per_case/tandem_f40a3_phi0_r2/tandem_f40a3_phi0_r2_case.m:101,struct(),{},"{""enabled"": 1, ""method"": ""rodriguez_lopez_2015_constrained_bump1"", ""kappa"": 0.384, ""B"": 4.17, ""dy_h"": 1, ""skip_nearwall"": 1, ""U_inf_n_top"": 5, ""enable_bump"": 1, ""inner_step_yplus"": 0.01, ""pi_initial"": 0.2, ""pi_bounds"": [0, 2], ""u_tau_scale_bounds"": [0.5, 1.8], ""delta_scale_bounds"": [0.5, 2.0], ""minimum_points"": 10, ""max_iterations"": 400, ""max_function_evaluations"": 1600, ""tolerance"": 1e-07}",未作值相等断言,project/lib/+tblR2/mean_bl_friction.m:179; project/lib/+tblR2/mean_bl_friction.m:180; project/lib/+tblR2/mean_bl_friction.m:205,配置容器/初值复制；请改叶字段,参数区,
controlled,cfg.modern_clauser.enabled,project/cases/per_case/tandem_f40a3_phi0_r2/tandem_f40a3_phi0_r2_case.m:102,true,true,1,相同（数值类型表示差异）,project/lib/+tblR2/mean_bl_friction.m:205,用户可调（消费者和本case模式生效时）,参数区,
controlled,cfg.modern_clauser.method,project/cases/per_case/tandem_f40a3_phi0_r2/tandem_f40a3_phi0_r2_case.m:103,'rodriguez_lopez_2015_constrained_bump1',"""rodriguez_lopez_2015_constrained_bump1""","""rodriguez_lopez_2015_constrained_bump1""",相同,tblR2.mean_bl_friction -> tblR2.bl.composite_profile_fit_rodriguez_lopez（按调用组定位，非逐字段动态覆盖证明）,用户可调（消费者和本case模式生效时）,参数区,
controlled,cfg.modern_clauser.kappa,project/cases/per_case/tandem_f40a3_phi0_r2/tandem_f40a3_phi0_r2_case.m:104,0.384,0.384,0.384,相同,tblR2.mean_bl_friction -> tblR2.bl.composite_profile_fit_rodriguez_lopez（按调用组定位，非逐字段动态覆盖证明）,用户可调（消费者和本case模式生效时）,参数区,
controlled,cfg.modern_clauser.B,project/cases/per_case/tandem_f40a3_phi0_r2/tandem_f40a3_phi0_r2_case.m:105,4.17,4.17,4.17,相同,tblR2.mean_bl_friction -> tblR2.bl.composite_profile_fit_rodriguez_lopez（按调用组定位，非逐字段动态覆盖证明）,用户可调（消费者和本case模式生效时）,参数区,
controlled,cfg.modern_clauser.dy_h,project/cases/per_case/tandem_f40a3_phi0_r2/tandem_f40a3_phi0_r2_case.m:106,1.0,1.0,1,相同（数值类型表示差异）,tblR2.mean_bl_friction -> tblR2.bl.composite_profile_fit_rodriguez_lopez（按调用组定位，非逐字段动态覆盖证明）,用户可调（消费者和本case模式生效时）,参数区,
controlled,cfg.modern_clauser.skip_nearwall,project/cases/per_case/tandem_f40a3_phi0_r2/tandem_f40a3_phi0_r2_case.m:107,1,1,1,相同,tblR2.mean_bl_friction -> tblR2.bl.composite_profile_fit_rodriguez_lopez（按调用组定位，非逐字段动态覆盖证明）,用户可调（消费者和本case模式生效时）,参数区,
controlled,cfg.modern_clauser.U_inf_n_top,project/cases/per_case/tandem_f40a3_phi0_r2/tandem_f40a3_phi0_r2_case.m:108,5,5,5,相同,tblR2.mean_bl_friction -> tblR2.bl.composite_profile_fit_rodriguez_lopez（按调用组定位，非逐字段动态覆盖证明）,用户可调（消费者和本case模式生效时）,参数区,
controlled,cfg.modern_clauser.enable_bump,project/cases/per_case/tandem_f40a3_phi0_r2/tandem_f40a3_phi0_r2_case.m:109,true,true,1,相同（数值类型表示差异）,tblR2.mean_bl_friction -> tblR2.bl.composite_profile_fit_rodriguez_lopez（按调用组定位，非逐字段动态覆盖证明）,用户可调（消费者和本case模式生效时）,参数区,
controlled,cfg.modern_clauser.inner_step_yplus,project/cases/per_case/tandem_f40a3_phi0_r2/tandem_f40a3_phi0_r2_case.m:110,0.01,0.01,0.01,相同,tblR2.mean_bl_friction -> tblR2.bl.composite_profile_fit_rodriguez_lopez（按调用组定位，非逐字段动态覆盖证明）,用户可调（消费者和本case模式生效时）,参数区,
controlled,cfg.modern_clauser.pi_initial,project/cases/per_case/tandem_f40a3_phi0_r2/tandem_f40a3_phi0_r2_case.m:111,0.20,0.2,0.2,相同,tblR2.mean_bl_friction -> tblR2.bl.composite_profile_fit_rodriguez_lopez（按调用组定位，非逐字段动态覆盖证明）,用户可调（消费者和本case模式生效时）,参数区,
controlled,cfg.modern_clauser.pi_bounds,project/cases/per_case/tandem_f40a3_phi0_r2/tandem_f40a3_phi0_r2_case.m:112,[0 2],"[0, 2]","[0, 2]",相同,tblR2.mean_bl_friction -> tblR2.bl.composite_profile_fit_rodriguez_lopez（按调用组定位，非逐字段动态覆盖证明）,用户可调（消费者和本case模式生效时）,参数区,
controlled,cfg.modern_clauser.u_tau_scale_bounds,project/cases/per_case/tandem_f40a3_phi0_r2/tandem_f40a3_phi0_r2_case.m:113,[0.5 1.8],"[0.5, 1.8]","[0.5, 1.8]",相同,tblR2.mean_bl_friction -> tblR2.bl.composite_profile_fit_rodriguez_lopez（按调用组定位，非逐字段动态覆盖证明）,用户可调（消费者和本case模式生效时）,参数区,
controlled,cfg.modern_clauser.delta_scale_bounds,project/cases/per_case/tandem_f40a3_phi0_r2/tandem_f40a3_phi0_r2_case.m:114,[0.5 2.0],"[0.5, 2.0]","[0.5, 2.0]",相同,tblR2.mean_bl_friction -> tblR2.bl.composite_profile_fit_rodriguez_lopez（按调用组定位，非逐字段动态覆盖证明）,用户可调（消费者和本case模式生效时）,参数区,
controlled,cfg.modern_clauser.minimum_points,project/cases/per_case/tandem_f40a3_phi0_r2/tandem_f40a3_phi0_r2_case.m:115,10,10,10,相同,tblR2.mean_bl_friction -> tblR2.bl.composite_profile_fit_rodriguez_lopez（按调用组定位，非逐字段动态覆盖证明）,用户可调（消费者和本case模式生效时）,参数区,
controlled,cfg.modern_clauser.max_iterations,project/cases/per_case/tandem_f40a3_phi0_r2/tandem_f40a3_phi0_r2_case.m:116,400,400,400,相同,tblR2.mean_bl_friction -> tblR2.bl.composite_profile_fit_rodriguez_lopez（按调用组定位，非逐字段动态覆盖证明）,用户可调（消费者和本case模式生效时）,参数区,
controlled,cfg.modern_clauser.max_function_evaluations,project/cases/per_case/tandem_f40a3_phi0_r2/tandem_f40a3_phi0_r2_case.m:117,1600,1600,1600,相同,tblR2.mean_bl_friction -> tblR2.bl.composite_profile_fit_rodriguez_lopez（按调用组定位，非逐字段动态覆盖证明）,用户可调（消费者和本case模式生效时）,参数区,
controlled,cfg.modern_clauser.tolerance,project/cases/per_case/tandem_f40a3_phi0_r2/tandem_f40a3_phi0_r2_case.m:118,1e-7,1e-07,1e-07,相同,tblR2.mean_bl_friction -> tblR2.bl.composite_profile_fit_rodriguez_lopez（按调用组定位，非逐字段动态覆盖证明）,用户可调（消费者和本case模式生效时）,参数区,
controlled,cfg.normalization,project/cases/per_case/tandem_f40a3_phi0_r2/tandem_f40a3_phi0_r2_case.m:121,struct(),{},"{""u_tau_source"": ""local_loglaw"", ""baseline_u_tau"": 0.95}",未作值相等断言,project/lib/+tblR2/+singlecase/select_u_tau.m:5; project/lib/+tblR2/+singlecase/select_u_tau.m:6,配置容器/初值复制；请改叶字段,参数区,
controlled,cfg.normalization.u_tau_source,project/cases/per_case/tandem_f40a3_phi0_r2/tandem_f40a3_phi0_r2_case.m:122,'local_loglaw',"""local_loglaw""","""local_loglaw""",相同,project/lib/+tblR2/+singlecase/select_u_tau.m:5,用户可调（消费者和本case模式生效时）,参数区,
controlled,cfg.normalization.baseline_u_tau,project/cases/per_case/tandem_f40a3_phi0_r2/tandem_f40a3_phi0_r2_case.m:123,0.95,0.95,0.95,相同,project/lib/+tblR2/+singlecase/select_u_tau.m:6,用户可调（消费者和本case模式生效时）,参数区,
controlled,cfg.friction,project/cases/per_case/tandem_f40a3_phi0_r2/tandem_f40a3_phi0_r2_case.m:126,struct(),{},"{""enable_pressure_gradient"": 0, ""secant_theta_source"": ""p_smooth"", ""thickness_smoothing_gap_mode"": ""separate_segments"", ""local_momentum_theta_source"": ""shared_thickness_p_smooth"", ""rbf_epsilon_scale"": 1.2, ""hole_thresholds"": [0, 1, 2], ""system_secant"": {""upstream_mode"": ""range_mean"", ""upstream_range"": [80, 90], ""x_end"": [160, 240, 320]}, ""momentum"": {""enabled"": 1, ""Ue_pre_smooth_p"": 1e-07, ""pre_smooth_p"": 1e-07, ""consistency_warn_pct"": 10}, ""quality"": {""p_grid"": [0.0, 0.683772233983162, 0.9, 0.9683772233983162, 0.99, 0.9968377223398316, 0.999, 0.9996837722339832, 0.9999, 0.9999683772233983, 0.99999], ""tolerance_pct"": 10, ""x_min"": 80, ""x_max"": 328}}",未作值相等断言,project/lib/+tblR2/quadrant_streaming.m:5; project/lib/+tblR2/quadrant_streaming.m:6; project/lib/+tblR2/quadrant_streaming.m:7; project/lib/+tblR2/mean_bl_friction.m:69; project/lib/+tblR2/mean_bl_friction.m:70; project/lib/+tblR2/mean_bl_friction.m:73; project/lib/+tblR2/mean_bl_friction.m:75; project/lib/+tblR2/mean_bl_friction.m:125,配置容器/初值复制；请改叶字段,参数区,
controlled,cfg.friction.enable_pressure_gradient,project/cases/per_case/tandem_f40a3_phi0_r2/tandem_f40a3_phi0_r2_case.m:127,0,0,0,相同,project/lib/+tblR2/mean_bl_friction.m:75,用户可调（消费者和本case模式生效时）,参数区,
controlled,cfg.friction.secant_theta_source,project/cases/per_case/tandem_f40a3_phi0_r2/tandem_f40a3_phi0_r2_case.m:128,'p_smooth',"""p_smooth""","""p_smooth""",相同,project/lib/+tblR2/mean_bl_friction.m:69; project/lib/+tblR2/mean_bl_friction.m:164,用户可调（消费者和本case模式生效时）,参数区,
controlled,cfg.friction.thickness_smoothing_gap_mode,project/cases/per_case/tandem_f40a3_phi0_r2/tandem_f40a3_phi0_r2_case.m:129,'separate_segments',"""separate_segments""","""separate_segments""",相同,project/lib/+tblR2/mean_bl_friction.m:70; project/lib/+tblR2/mean_bl_friction.m:141,用户可调（消费者和本case模式生效时）,参数区,
controlled,cfg.friction.local_momentum_theta_source,project/cases/per_case/tandem_f40a3_phi0_r2/tandem_f40a3_phi0_r2_case.m:130,'shared_thickness_p_smooth',"""shared_thickness_p_smooth""","""shared_thickness_p_smooth""",相同,project/lib/+tblR2/mean_bl_friction.m:140,用户可调（消费者和本case模式生效时）,参数区,
controlled,cfg.friction.rbf_epsilon_scale,project/cases/per_case/tandem_f40a3_phi0_r2/tandem_f40a3_phi0_r2_case.m:131,1.2,1.2,1.2,相同,project/lib/+tblR2/transport_analysis.m:14,用户可调（消费者和本case模式生效时）,参数区,
controlled,cfg.friction.hole_thresholds,project/cases/per_case/tandem_f40a3_phi0_r2/tandem_f40a3_phi0_r2_case.m:132,[0 1 2],"[0, 1, 2]","[0, 1, 2]",相同,project/lib/+tblR2/quadrant_streaming.m:6; project/lib/+tblR2/quadrant_streaming.m:7; project/lib/+tblR2/transport_analysis.m:26; project/lib/+tblR2/transport_analysis.m:52,用户可调（消费者和本case模式生效时）,参数区,
controlled,cfg.friction.system_secant,project/cases/per_case/tandem_f40a3_phi0_r2/tandem_f40a3_phi0_r2_case.m:133,struct(),{},"{""upstream_mode"": ""range_mean"", ""upstream_range"": [80, 90], ""x_end"": [160, 240, 320]}",未作值相等断言,project/lib/+tblR2/mean_bl_friction.m:125; project/lib/+tblR2/mean_bl_friction.m:134,配置容器/初值复制；请改叶字段,参数区,
controlled,cfg.friction.system_secant.upstream_mode,project/cases/per_case/tandem_f40a3_phi0_r2/tandem_f40a3_phi0_r2_case.m:134,'range_mean',"""range_mean""","""range_mean""",相同,tblR2.mean_bl_friction / tblR2.wall.*；hole_thresholds 与 rbf_epsilon_scale 另由 S5 读取（按调用组定位，非逐字段动态覆盖证明）,用户可调（消费者和本case模式生效时）,参数区,
controlled,cfg.friction.system_secant.upstream_range,project/cases/per_case/tandem_f40a3_phi0_r2/tandem_f40a3_phi0_r2_case.m:135,[80 90],"[80, 90]","[80, 90]",相同,tblR2.mean_bl_friction / tblR2.wall.*；hole_thresholds 与 rbf_epsilon_scale 另由 S5 读取（按调用组定位，非逐字段动态覆盖证明）,用户可调（消费者和本case模式生效时）,参数区,
controlled,cfg.friction.system_secant.x_end,project/cases/per_case/tandem_f40a3_phi0_r2/tandem_f40a3_phi0_r2_case.m:136,[160 240 320],"[160, 240, 320]","[160, 240, 320]",相同,project/lib/+tblR2/mean_bl_friction.m:134,用户可调（消费者和本case模式生效时）,参数区,
controlled,cfg.friction.momentum,project/cases/per_case/tandem_f40a3_phi0_r2/tandem_f40a3_phi0_r2_case.m:137,struct(),{},"{""enabled"": 1, ""Ue_pre_smooth_p"": 1e-07, ""pre_smooth_p"": 1e-07, ""consistency_warn_pct"": 10}",未作值相等断言,project/lib/+tblR2/mean_bl_friction.m:69; project/lib/+tblR2/mean_bl_friction.m:73; project/lib/+tblR2/mean_bl_friction.m:136,配置容器/初值复制；请改叶字段,参数区,
controlled,cfg.friction.momentum.enabled,project/cases/per_case/tandem_f40a3_phi0_r2/tandem_f40a3_phi0_r2_case.m:138,true,true,1,相同（数值类型表示差异）,tblR2.mean_bl_friction / tblR2.wall.*；hole_thresholds 与 rbf_epsilon_scale 另由 S5 读取（按调用组定位，非逐字段动态覆盖证明）,用户可调（消费者和本case模式生效时）,参数区,
controlled,cfg.friction.momentum.Ue_pre_smooth_p,project/cases/per_case/tandem_f40a3_phi0_r2/tandem_f40a3_phi0_r2_case.m:139,1e-7,1e-07,1e-07,相同,project/lib/+tblR2/mean_bl_friction.m:73,用户可调（消费者和本case模式生效时）,参数区,
controlled,cfg.friction.momentum.pre_smooth_p,project/cases/per_case/tandem_f40a3_phi0_r2/tandem_f40a3_phi0_r2_case.m:140,1e-7,1e-07,1e-07,相同,project/lib/+tblR2/mean_bl_friction.m:69,用户可调（消费者和本case模式生效时）,参数区,
controlled,cfg.friction.momentum.consistency_warn_pct,project/cases/per_case/tandem_f40a3_phi0_r2/tandem_f40a3_phi0_r2_case.m:141,10,10,10,相同,tblR2.mean_bl_friction / tblR2.wall.*；hole_thresholds 与 rbf_epsilon_scale 另由 S5 读取（按调用组定位，非逐字段动态覆盖证明）,用户可调（消费者和本case模式生效时）,参数区,
controlled,cfg.friction.quality,project/cases/per_case/tandem_f40a3_phi0_r2/tandem_f40a3_phi0_r2_case.m:142,struct(),{},"{""p_grid"": [0.0, 0.683772233983162, 0.9, 0.9683772233983162, 0.99, 0.9968377223398316, 0.999, 0.9996837722339832, 0.9999, 0.9999683772233983, 0.99999], ""tolerance_pct"": 10, ""x_min"": 80, ""x_max"": 328}",未作值相等断言,project/lib/+tblR2/mean_bl_friction.m:138; project/lib/+tblR2/mean_bl_friction.m:139; project/lib/+tblR2/mean_bl_friction.m:155,配置容器/初值复制；请改叶字段,参数区,
controlled,cfg.friction.quality.p_grid,project/cases/per_case/tandem_f40a3_phi0_r2/tandem_f40a3_phi0_r2_case.m:143,1 - 10.^(0:-0.5:-5),"[0.0, 0.683772233983162, 0.9, 0.9683772233983162, 0.99, 0.9968377223398316, 0.999, 0.9996837722339832, 0.9999, 0.9999683772233983, 0.99999]","[0.0, 0.683772233983162, 0.9, 0.9683772233983162, 0.99, 0.9968377223398316, 0.999, 0.9996837722339832, 0.9999, 0.9999683772233983, 0.99999]",相同,tblR2.mean_bl_friction / tblR2.wall.*；hole_thresholds 与 rbf_epsilon_scale 另由 S5 读取（按调用组定位，非逐字段动态覆盖证明）,用户可调（消费者和本case模式生效时）,参数区,
controlled,cfg.friction.quality.tolerance_pct,project/cases/per_case/tandem_f40a3_phi0_r2/tandem_f40a3_phi0_r2_case.m:144,10,10,10,相同,tblR2.mean_bl_friction / tblR2.wall.*；hole_thresholds 与 rbf_epsilon_scale 另由 S5 读取（按调用组定位，非逐字段动态覆盖证明）,用户可调（消费者和本case模式生效时）,参数区,
controlled,cfg.friction.quality.x_min,project/cases/per_case/tandem_f40a3_phi0_r2/tandem_f40a3_phi0_r2_case.m:145,80,80,80,相同,project/lib/+tblR2/mean_bl_friction.m:138,用户可调（消费者和本case模式生效时）,参数区,
controlled,cfg.friction.quality.x_max,project/cases/per_case/tandem_f40a3_phi0_r2/tandem_f40a3_phi0_r2_case.m:146,328,328,328,相同,project/lib/+tblR2/mean_bl_friction.m:139,用户可调（消费者和本case模式生效时）,参数区,
controlled,cfg.phase,project/cases/per_case/tandem_f40a3_phi0_r2/tandem_f40a3_phi0_r2_case.m:149,"struct('enabled', true)","{""enabled"": true}","{""enabled"": 1, ""f0_hz"": 40, ""n_bins"": 24, ""phi0_user_deg"": [], ""minimum_samples_per_bin"": 20}",未作值相等断言,project/lib/+tblR2/structure_analysis_cache.m:380; project/lib/+tblR2/structure_analysis_cache.m:434; project/lib/+tblR2/structure_analysis_cache.m:472; project/lib/+tblR2/transport_statistics.m:98; project/lib/+tblR2/transport_statistics.m:99; project/lib/+tblR2/transport_statistics.m:100; project/lib/+tblR2/transport_statistics.m:103; project/lib/+tblR2/transport_statistics.m:105,配置容器/初值复制；请改叶字段,参数区,
controlled,cfg.phase.f0_hz,project/cases/per_case/tandem_f40a3_phi0_r2/tandem_f40a3_phi0_r2_case.m:150,40,40,40,相同,project/lib/+tblR2/transport_statistics.m:107; project/lib/+tblR2/harmonic_analysis.m:69; project/lib/+tblR2/spod_toolbox_adapter.m:59; project/lib/+tblR2/spod_toolbox_adapter.m:61; project/lib/+tblR2/phase_stats_cache.m:58; project/lib/+tblR2/phase_stats_cache.m:289; project/lib/+tblR2/dmd_module.m:129; project/lib/+tblR2/dmd_module.m:130,用户可调（消费者和本case模式生效时）,参数区,
controlled,cfg.phase.n_bins,project/cases/per_case/tandem_f40a3_phi0_r2/tandem_f40a3_phi0_r2_case.m:151,24,24,24,相同,project/lib/+tblR2/structure_analysis_cache.m:380; project/lib/+tblR2/structure_analysis_cache.m:434; project/lib/+tblR2/structure_analysis_cache.m:472; project/lib/+tblR2/transport_statistics.m:103; project/lib/+tblR2/transport_analysis.m:38; project/lib/+tblR2/phase_stats_cache.m:36; project/lib/+tblR2/phase_stats_cache.m:293,用户可调（消费者和本case模式生效时）,参数区,
controlled,cfg.phase.phi0_user_deg,project/cases/per_case/tandem_f40a3_phi0_r2/tandem_f40a3_phi0_r2_case.m:152,[],[],[],相同,project/lib/+tblR2/harmonic_analysis.m:41; project/lib/+tblR2/harmonic_analysis.m:44; project/lib/+tblR2/harmonic_analysis.m:47; project/lib/+tblR2/phase_stats_cache.m:58,用户可调（消费者和本case模式生效时）,参数区,
controlled,cfg.phase.minimum_samples_per_bin,project/cases/per_case/tandem_f40a3_phi0_r2/tandem_f40a3_phi0_r2_case.m:153,20,20,20,相同,project/lib/+tblR2/transport_statistics.m:105; project/lib/+tblR2/phase_stats_cache.m:113; project/lib/+tblR2/phase_stats_cache.m:130; project/lib/+tblR2/phase_stats_cache.m:299,用户可调（消费者和本case模式生效时）,参数区,
controlled,cfg.phase_preview,project/cases/per_case/tandem_f40a3_phi0_r2/tandem_f40a3_phi0_r2_case.m:158,struct(),{},"{""profile_x_range_mm"": [80, 320], ""contour_x_range_mm"": [80, 320], ""marker_stride"": 2, ""profile_source"": ""raw"", ""contour_source"": ""postproc""}",未作值相等断言,主脚本 Section 3 实际预览块 / tblR2.plot_phase_averaged_maps（按调用组定位，非逐字段动态覆盖证明）,配置容器/初值复制；请改叶字段,参数区,
controlled,cfg.phase_preview.profile_x_range_mm,project/cases/per_case/tandem_f40a3_phi0_r2/tandem_f40a3_phi0_r2_case.m:159,[80 320],"[80, 320]","[80, 320]",相同,主脚本 Section 3 实际预览块 / tblR2.plot_phase_averaged_maps（按调用组定位，非逐字段动态覆盖证明）,用户可调（消费者和本case模式生效时）,参数区,
controlled,cfg.phase_preview.contour_x_range_mm,project/cases/per_case/tandem_f40a3_phi0_r2/tandem_f40a3_phi0_r2_case.m:160,[80 320],"[80, 320]","[80, 320]",相同,主脚本 Section 3 实际预览块 / tblR2.plot_phase_averaged_maps（按调用组定位，非逐字段动态覆盖证明）,用户可调（消费者和本case模式生效时）,参数区,
controlled,cfg.phase_preview.marker_stride,project/cases/per_case/tandem_f40a3_phi0_r2/tandem_f40a3_phi0_r2_case.m:163,1,1,2,不同,主脚本 Section 3 实际预览块 / tblR2.plot_phase_averaged_maps（按调用组定位，非逐字段动态覆盖证明）,用户可调（消费者和本case模式生效时）,参数区,
controlled,cfg.phase_preview.profile_source,project/cases/per_case/tandem_f40a3_phi0_r2/tandem_f40a3_phi0_r2_case.m:168,'raw',"""raw""","""raw""",相同,主脚本 Section 3 实际预览块 / tblR2.plot_phase_averaged_maps（按调用组定位，非逐字段动态覆盖证明）,无运行消费者；本批不得激活,参数区,仅赋值/记录，实际预览使用已有statistics和raw phase。
controlled,cfg.phase_preview.contour_source,project/cases/per_case/tandem_f40a3_phi0_r2/tandem_f40a3_phi0_r2_case.m:169,'postproc',"""postproc""","""postproc""",相同,主脚本 Section 3 实际预览块 / tblR2.plot_phase_averaged_maps（按调用组定位，非逐字段动态覆盖证明）,用户可调（消费者和本case模式生效时）,参数区,
controlled,cfg.instantaneous,project/cases/per_case/tandem_f40a3_phi0_r2/tandem_f40a3_phi0_r2_case.m:172,struct(),{},"{""n_output_frames"": 3, ""frame_ids"": [1, 12000]}",未作值相等断言,project/lib/+tblR2/structure_analysis_cache.m:28; project/lib/+tblR2/structure_analysis_cache.m:231; project/lib/+tblR2/cluster_pod_reconstruction.m:170; project/lib/+tblR2/cluster_pod_reconstruction.m:171; project/lib/+tblR2/cluster_pod_reconstruction.m:174; project/lib/+tblR2/cluster_raw_sequence.m:102; project/lib/+tblR2/cluster_raw_sequence.m:103; project/lib/+tblR2/cluster_raw_sequence.m:106,配置容器/初值复制；请改叶字段,参数区,
controlled,cfg.instantaneous.n_output_frames,project/cases/per_case/tandem_f40a3_phi0_r2/tandem_f40a3_phi0_r2_case.m:173,3,3,3,相同,project/lib/+tblR2/cluster_pod_reconstruction.m:174; project/lib/+tblR2/cluster_raw_sequence.m:106,用户可调（消费者和本case模式生效时）,参数区,
controlled,cfg.instantaneous.frame_ids,project/cases/per_case/tandem_f40a3_phi0_r2/tandem_f40a3_phi0_r2_case.m:174,[1 cfg.total_frames],"[1, 12000]","[1, 12000]",相同,project/lib/+tblR2/structure_analysis_cache.m:231; project/lib/+tblR2/cluster_pod_reconstruction.m:171; project/lib/+tblR2/cluster_raw_sequence.m:103,用户可调（消费者和本case模式生效时）,参数区,
controlled,cfg.structures,project/cases/per_case/tandem_f40a3_phi0_r2/tandem_f40a3_phi0_r2_case.m:176,struct(),{},"{""source_mode"": ""pod_e50"", ""connectivities"": [8, 4], ""primary_connectivity"": 8, ""length_thresholds"": [3.0, 3.8, 4.5], ""max_complete_ss_per_sign"": 1, ""plot_colormap"": ""ocean"", ""plot_normalization"": ""u_over_Uinf"", ""section4"": {""source_mode"": ""pod_e50"", ""connectivities"": [8, 4], ""primary_connectivity"": 8, ""figure_connectivity"": 8, ""length_thresholds"": [3.0, 3.8, 4.5], ""max_complete_ss_per_sign"": 1, ""plot_colormap"": ""ocean"", ""plot_normalization"": ""u_over_Uinf"", ""make_figures"": 1, ""write_catalog_csv"": 1, ""max_figure_objects"": Infinity, ""resume_run_dir"": [], ""frame_ordinals"": [], ""reuse_existing_run"": 1, ""spatial_exclusion"": {""enabled"": 1, ""x_start_mm"": 0, ""x_end_mm"": 80, ""wall_y_height_mm"": 4}, ""pod"": {""min_valid_fraction"": 1, ""rank"": {""kind"": ""energy_fraction"", ""value"": 0.5}}}, ""alpha"": 1, ""seed_alpha"": 1, ""min_pixels"": 1, ""connectivity"": 8, ""min_lsm_delta"": 1, ""min_vlsm_delta"": 3, ""catalog_frame_stride"": 1, ""preprocessing"": {""enabled"": 0, ""name"": ""none"", ""gaussian"": {""enabled"": 0, ""sigma_cells"": []}}}",未作值相等断言,project/lib/+tblR2/plot_structure_preview.m:21; project/lib/+tblR2/structure_analysis_cache.m:14; project/lib/+tblR2/structure_analysis_cache.m:15; project/lib/+tblR2/structure_analysis_cache.m:16; project/lib/+tblR2/structure_analysis_cache.m:29; project/lib/+tblR2/structure_analysis_cache.m:33; project/lib/+tblR2/structure_analysis_cache.m:34; project/lib/+tblR2/structure_analysis_cache.m:37,配置容器/初值复制；请改叶字段,参数区,
controlled,cfg.structures.source_mode,project/cases/per_case/tandem_f40a3_phi0_r2/tandem_f40a3_phi0_r2_case.m:178,'pod_e50',"""pod_e50""","""pod_e50""",相同,project/lib/+tblR2/section4_vlsm_analysis.m:204,用户可调（消费者和本case模式生效时）,参数区,现行S4优先读取structures.section4；多个顶层字段仅兼容。
controlled,cfg.structures.connectivities,project/cases/per_case/tandem_f40a3_phi0_r2/tandem_f40a3_phi0_r2_case.m:179,[8 4],"[8, 4]","[8, 4]",相同,tblR2.section4_vlsm_analysis -> make_d23_config / resolve_section4_config（按调用组定位，非逐字段动态覆盖证明）,用户可调（消费者和本case模式生效时）,参数区,现行S4优先读取structures.section4；多个顶层字段仅兼容。
controlled,cfg.structures.primary_connectivity,project/cases/per_case/tandem_f40a3_phi0_r2/tandem_f40a3_phi0_r2_case.m:180,8,8,8,相同,tblR2.section4_vlsm_analysis -> make_d23_config / resolve_section4_config（按调用组定位，非逐字段动态覆盖证明）,用户可调（消费者和本case模式生效时）,参数区,现行S4优先读取structures.section4；多个顶层字段仅兼容。
controlled,cfg.structures.length_thresholds,project/cases/per_case/tandem_f40a3_phi0_r2/tandem_f40a3_phi0_r2_case.m:181,[3 3.8 4.5],"[3, 3.8, 4.5]","[3.0, 3.8, 4.5]",相同（数值类型表示差异）,tblR2.section4_vlsm_analysis -> make_d23_config / resolve_section4_config（按调用组定位，非逐字段动态覆盖证明）,用户可调（消费者和本case模式生效时）,参数区,现行S4优先读取structures.section4；多个顶层字段仅兼容。
controlled,cfg.structures.max_complete_ss_per_sign,project/cases/per_case/tandem_f40a3_phi0_r2/tandem_f40a3_phi0_r2_case.m:182,Inf,Infinity,1,不同,tblR2.section4_vlsm_analysis -> make_d23_config / resolve_section4_config（按调用组定位，非逐字段动态覆盖证明）,用户可调（消费者和本case模式生效时）,参数区,现行S4优先读取structures.section4；多个顶层字段仅兼容。
controlled,cfg.structures.plot_colormap,project/cases/per_case/tandem_f40a3_phi0_r2/tandem_f40a3_phi0_r2_case.m:183,'ocean',"""ocean""","""ocean""",相同,tblR2.section4_vlsm_analysis -> make_d23_config / resolve_section4_config（按调用组定位，非逐字段动态覆盖证明）,S4绘图未用此入口；实际 balance(257),参数区,现行S4优先读取structures.section4；多个顶层字段仅兼容。
controlled,cfg.structures.plot_normalization,project/cases/per_case/tandem_f40a3_phi0_r2/tandem_f40a3_phi0_r2_case.m:184,'u_over_Uinf',"""u_over_Uinf""","""u_over_Uinf""",相同,tblR2.section4_vlsm_analysis -> make_d23_config / resolve_section4_config（按调用组定位，非逐字段动态覆盖证明）,用户可调（消费者和本case模式生效时）,参数区,现行S4优先读取structures.section4；多个顶层字段仅兼容。
controlled,cfg.structures.section4,project/cases/per_case/tandem_f40a3_phi0_r2/tandem_f40a3_phi0_r2_case.m:185,struct(),{},"{""source_mode"": ""pod_e50"", ""connectivities"": [8, 4], ""primary_connectivity"": 8, ""figure_connectivity"": 8, ""length_thresholds"": [3.0, 3.8, 4.5], ""max_complete_ss_per_sign"": 1, ""plot_colormap"": ""ocean"", ""plot_normalization"": ""u_over_Uinf"", ""make_figures"": 1, ""write_catalog_csv"": 1, ""max_figure_objects"": Infinity, ""resume_run_dir"": [], ""frame_ordinals"": [], ""reuse_existing_run"": 1, ""spatial_exclusion"": {""enabled"": 1, ""x_start_mm"": 0, ""x_end_mm"": 80, ""wall_y_height_mm"": 4}, ""pod"": {""min_valid_fraction"": 1, ""rank"": {""kind"": ""energy_fraction"", ""value"": 0.5}}}",未作值相等断言,project/lib/+tblR2/section4_vlsm_analysis.m:199; project/lib/+tblR2/section4_vlsm_analysis.m:200,配置容器/初值复制；请改叶字段,参数区,现行S4优先读取structures.section4；多个顶层字段仅兼容。
controlled,cfg.structures.section4.source_mode,project/cases/per_case/tandem_f40a3_phi0_r2/tandem_f40a3_phi0_r2_case.m:186,'pod_e50',"""pod_e50""","""pod_e50""",相同,tblR2.section4_vlsm_analysis -> make_d23_config / resolve_section4_config（按调用组定位，非逐字段动态覆盖证明）,用户可调（消费者和本case模式生效时）,参数区,
controlled,cfg.structures.section4.connectivities,project/cases/per_case/tandem_f40a3_phi0_r2/tandem_f40a3_phi0_r2_case.m:187,[8 4],"[8, 4]","[8, 4]",相同,tblR2.section4_vlsm_analysis -> make_d23_config / resolve_section4_config（按调用组定位，非逐字段动态覆盖证明）,用户可调（消费者和本case模式生效时）,参数区,
controlled,cfg.structures.section4.primary_connectivity,project/cases/per_case/tandem_f40a3_phi0_r2/tandem_f40a3_phi0_r2_case.m:188,8,8,8,相同,tblR2.section4_vlsm_analysis -> make_d23_config / resolve_section4_config（按调用组定位，非逐字段动态覆盖证明）,用户可调（消费者和本case模式生效时）,参数区,
controlled,cfg.structures.section4.figure_connectivity,project/cases/per_case/tandem_f40a3_phi0_r2/tandem_f40a3_phi0_r2_case.m:191,8,8,8,相同,tblR2.section4_vlsm_analysis -> make_d23_config / resolve_section4_config（按调用组定位，非逐字段动态覆盖证明）,用户可调（消费者和本case模式生效时）,参数区,
controlled,cfg.structures.section4.length_thresholds,project/cases/per_case/tandem_f40a3_phi0_r2/tandem_f40a3_phi0_r2_case.m:192,[3 3.8 4.5],"[3, 3.8, 4.5]","[3.0, 3.8, 4.5]",相同（数值类型表示差异）,tblR2.section4_vlsm_analysis -> make_d23_config / resolve_section4_config（按调用组定位，非逐字段动态覆盖证明）,用户可调（消费者和本case模式生效时）,参数区,
controlled,cfg.structures.section4.max_complete_ss_per_sign,project/cases/per_case/tandem_f40a3_phi0_r2/tandem_f40a3_phi0_r2_case.m:193,Inf,Infinity,1,不同,tblR2.section4_vlsm_analysis -> make_d23_config / resolve_section4_config（按调用组定位，非逐字段动态覆盖证明）,用户可调（消费者和本case模式生效时）,参数区,
controlled,cfg.structures.section4.plot_colormap,project/cases/per_case/tandem_f40a3_phi0_r2/tandem_f40a3_phi0_r2_case.m:194,'ocean',"""ocean""","""ocean""",相同,tblR2.section4_vlsm_analysis -> make_d23_config / resolve_section4_config（按调用组定位，非逐字段动态覆盖证明）,S4绘图未用此入口；实际 balance(257),参数区,
controlled,cfg.structures.section4.plot_normalization,project/cases/per_case/tandem_f40a3_phi0_r2/tandem_f40a3_phi0_r2_case.m:195,'u_over_Uinf',"""u_over_Uinf""","""u_over_Uinf""",相同,tblR2.section4_vlsm_analysis -> make_d23_config / resolve_section4_config（按调用组定位，非逐字段动态覆盖证明）,用户可调（消费者和本case模式生效时）,参数区,
controlled,cfg.structures.section4.make_figures,project/cases/per_case/tandem_f40a3_phi0_r2/tandem_f40a3_phi0_r2_case.m:196,true,true,1,相同（数值类型表示差异）,tblR2.section4_vlsm_analysis -> make_d23_config / resolve_section4_config（按调用组定位，非逐字段动态覆盖证明）,用户可调（消费者和本case模式生效时）,参数区,
controlled,cfg.structures.section4.write_catalog_csv,project/cases/per_case/tandem_f40a3_phi0_r2/tandem_f40a3_phi0_r2_case.m:197,true,true,1,相同（数值类型表示差异）,tblR2.section4_vlsm_analysis -> make_d23_config / resolve_section4_config（按调用组定位，非逐字段动态覆盖证明）,用户可调（消费者和本case模式生效时）,参数区,
controlled,cfg.structures.section4.max_figure_objects,project/cases/per_case/tandem_f40a3_phi0_r2/tandem_f40a3_phi0_r2_case.m:198,Inf,Infinity,Infinity,相同,tblR2.section4_vlsm_analysis -> make_d23_config / resolve_section4_config（按调用组定位，非逐字段动态覆盖证明）,用户可调（消费者和本case模式生效时）,参数区,
controlled,cfg.structures.section4.resume_run_dir,project/cases/per_case/tandem_f40a3_phi0_r2/tandem_f40a3_phi0_r2_case.m:199,'',"""""",[],相同（MAT空字符由scipy表示为空数组）,tblR2.section4_vlsm_analysis -> make_d23_config / resolve_section4_config（按调用组定位，非逐字段动态覆盖证明）,用户可调（消费者和本case模式生效时）,参数区,
controlled,cfg.structures.section4.frame_ordinals,project/cases/per_case/tandem_f40a3_phi0_r2/tandem_f40a3_phi0_r2_case.m:200,[],[],[],相同,tblR2.section4_vlsm_analysis -> make_d23_config / resolve_section4_config（按调用组定位，非逐字段动态覆盖证明）,用户可调（消费者和本case模式生效时）,参数区,
controlled,cfg.structures.section4.reuse_existing_run,project/cases/per_case/tandem_f40a3_phi0_r2/tandem_f40a3_phi0_r2_case.m:201,true,true,1,相同（数值类型表示差异）,tblR2.section4_vlsm_analysis -> make_d23_config / resolve_section4_config（按调用组定位，非逐字段动态覆盖证明）,用户可调（消费者和本case模式生效时）,参数区,
controlled,cfg.structures.section4.spatial_exclusion,project/cases/per_case/tandem_f40a3_phi0_r2/tandem_f40a3_phi0_r2_case.m:203,"struct(  'enabled', true, 'x_start_mm', 0, 'x_end_mm', 80,  'wall_y_height_mm', 4)","{""enabled"": true, ""x_start_mm"": 0, ""x_end_mm"": 80, ""wall_y_height_mm"": 4}","{""enabled"": 1, ""x_start_mm"": 0, ""x_end_mm"": 80, ""wall_y_height_mm"": 4}",未作值相等断言,tblR2.section4_vlsm_analysis -> make_d23_config / resolve_section4_config（按调用组定位，非逐字段动态覆盖证明）,配置容器/初值复制；请改叶字段,参数区,
controlled,cfg.structures.section4.streamwise_edge_exclusion,project/cases/per_case/tandem_f40a3_phi0_r2/tandem_f40a3_phi0_r2_case.m:209,"struct(  'enabled', false, 'buffer_cells', 3)","{""enabled"": false, ""buffer_cells"": 3}","""<历史JSON无此字段>""",未作值相等断言,tblR2.section4_vlsm_analysis -> make_d23_config / resolve_section4_config（按调用组定位，非逐字段动态覆盖证明）,配置容器/初值复制；请改叶字段,参数区,
controlled,cfg.structures.section4.pod,project/cases/per_case/tandem_f40a3_phi0_r2/tandem_f40a3_phi0_r2_case.m:211,struct(),{},"{""min_valid_fraction"": 1, ""rank"": {""kind"": ""energy_fraction"", ""value"": 0.5}}",未作值相等断言,tblR2.section4_vlsm_analysis -> make_d23_config / resolve_section4_config（按调用组定位，非逐字段动态覆盖证明）,配置容器/初值复制；请改叶字段,参数区,
controlled,cfg.structures.section4.pod.min_valid_fraction,project/cases/per_case/tandem_f40a3_phi0_r2/tandem_f40a3_phi0_r2_case.m:212,1.0,1.0,1,相同（数值类型表示差异）,tblR2.section4_vlsm_analysis -> make_d23_config / resolve_section4_config（按调用组定位，非逐字段动态覆盖证明）,用户可调（消费者和本case模式生效时）,参数区,
controlled,cfg.structures.section4.pod.rank,project/cases/per_case/tandem_f40a3_phi0_r2/tandem_f40a3_phi0_r2_case.m:213,"struct('kind','energy_fraction','value',0.50)","{""kind"": ""energy_fraction"", ""value"": 0.5}","{""kind"": ""energy_fraction"", ""value"": 0.5}",未作值相等断言,tblR2.section4_vlsm_analysis -> make_d23_config / resolve_section4_config（按调用组定位，非逐字段动态覆盖证明）,配置容器/初值复制；请改叶字段,参数区,
controlled,cfg.structures.alpha,project/cases/per_case/tandem_f40a3_phi0_r2/tandem_f40a3_phi0_r2_case.m:214,1.0,1.0,1,相同（数值类型表示差异）,tblR2.section4_vlsm_analysis -> make_d23_config / resolve_section4_config（按调用组定位，非逐字段动态覆盖证明）,用户可调（消费者和本case模式生效时）,参数区,现行S4优先读取structures.section4；多个顶层字段仅兼容。
controlled,cfg.structures.seed_alpha,project/cases/per_case/tandem_f40a3_phi0_r2/tandem_f40a3_phi0_r2_case.m:215,1.0,1.0,1,相同（数值类型表示差异）,tblR2.section4_vlsm_analysis -> make_d23_config / resolve_section4_config（按调用组定位，非逐字段动态覆盖证明）,用户可调（消费者和本case模式生效时）,参数区,现行S4优先读取structures.section4；多个顶层字段仅兼容。
controlled,cfg.structures.min_pixels,project/cases/per_case/tandem_f40a3_phi0_r2/tandem_f40a3_phi0_r2_case.m:216,1,1,1,相同,tblR2.section4_vlsm_analysis -> make_d23_config / resolve_section4_config（按调用组定位，非逐字段动态覆盖证明）,用户可调（消费者和本case模式生效时）,参数区,现行S4优先读取structures.section4；多个顶层字段仅兼容。
controlled,cfg.structures.connectivity,project/cases/per_case/tandem_f40a3_phi0_r2/tandem_f40a3_phi0_r2_case.m:217,8,8,8,相同,tblR2.section4_vlsm_analysis -> make_d23_config / resolve_section4_config（按调用组定位，非逐字段动态覆盖证明）,用户可调（消费者和本case模式生效时）,参数区,现行S4优先读取structures.section4；多个顶层字段仅兼容。
controlled,cfg.structures.min_lsm_delta,project/cases/per_case/tandem_f40a3_phi0_r2/tandem_f40a3_phi0_r2_case.m:218,1.0,1.0,1,相同（数值类型表示差异）,tblR2.section4_vlsm_analysis -> make_d23_config / resolve_section4_config（按调用组定位，非逐字段动态覆盖证明）,用户可调（消费者和本case模式生效时）,参数区,现行S4优先读取structures.section4；多个顶层字段仅兼容。
controlled,cfg.structures.min_vlsm_delta,project/cases/per_case/tandem_f40a3_phi0_r2/tandem_f40a3_phi0_r2_case.m:219,3.0,3.0,3,相同（数值类型表示差异）,tblR2.section4_vlsm_analysis -> make_d23_config / resolve_section4_config（按调用组定位，非逐字段动态覆盖证明）,用户可调（消费者和本case模式生效时）,参数区,现行S4优先读取structures.section4；多个顶层字段仅兼容。
controlled,cfg.structures.catalog_frame_stride,project/cases/per_case/tandem_f40a3_phi0_r2/tandem_f40a3_phi0_r2_case.m:220,1,1,1,相同,project/lib/+tblR2/structure_analysis_cache.m:29,用户可调（消费者和本case模式生效时）,参数区,现行S4优先读取structures.section4；多个顶层字段仅兼容。
controlled,cfg.structures.preprocessing,project/cases/per_case/tandem_f40a3_phi0_r2/tandem_f40a3_phi0_r2_case.m:222,"struct('enabled',false,'name','none',  'gaussian',struct('enabled',false,'sigma_cells',[]))","{""enabled"": false, ""name"": ""none"", ""gaussian"": {""enabled"": false, ""sigma_cells"": []}}","{""enabled"": 0, ""name"": ""none"", ""gaussian"": {""enabled"": 0, ""sigma_cells"": []}}",未作值相等断言,project/lib/+tblR2/gaussian_pod_sequence.m:20,配置容器/初值复制；请改叶字段,参数区,现行S4优先读取structures.section4；多个顶层字段仅兼容。
controlled,cfg.transport,project/cases/per_case/tandem_f40a3_phi0_r2/tandem_f40a3_phi0_r2_case.m:226,struct(),{},"{""edge_buffer_cells"": [2, 16]}",未作值相等断言,project/lib/+tblR2/quadrant_streaming.m:19; project/lib/+tblR2/quadrant_streaming.m:20; project/lib/+tblR2/transport_statistics.m:10; project/lib/+tblR2/transport_statistics.m:38; project/lib/+tblR2/section5_run.m:6; project/lib/+tblR2/section5_run.m:7; project/lib/+tblR2/section5_run.m:8; project/lib/+tblR2/section5_run.m:9,配置容器/初值复制；请改叶字段,参数区,
controlled,cfg.transport.source,project/cases/per_case/tandem_f40a3_phi0_r2/tandem_f40a3_phi0_r2_case.m:227,'raw',"""raw""","""<历史JSON无此字段>""",未作值相等断言,project/lib/+tblR2/transport_statistics.m:38; project/lib/+tblR2/section5_run.m:7; project/lib/+tblR2/section5_run.m:20,用户可调（消费者和本case模式生效时）,参数区,
controlled,cfg.transport.frame_mode,project/cases/per_case/tandem_f40a3_phi0_r2/tandem_f40a3_phi0_r2_case.m:228,'all',"""all""","""<历史JSON无此字段>""",未作值相等断言,tblR2.section5_run -> transport_statistics / quadrant_streaming / transport_figures（按调用组定位，非逐字段动态覆盖证明）,用户可调（消费者和本case模式生效时）,参数区,
controlled,cfg.transport.profile_x_range_mm,project/cases/per_case/tandem_f40a3_phi0_r2/tandem_f40a3_phi0_r2_case.m:229,[80 320],"[80, 320]","""<历史JSON无此字段>""",未作值相等断言,project/lib/+tblR2/transport_figures.m:26,用户可调（消费者和本case模式生效时）,参数区,
controlled,cfg.transport.edge_buffer_cells,project/cases/per_case/tandem_f40a3_phi0_r2/tandem_f40a3_phi0_r2_case.m:230,[2 16],"[2, 16]","[2, 16]",相同,project/lib/+tblR2/section5_run.m:15,用户可调（消费者和本case模式生效时）,参数区,
controlled,cfg.temporal,project/cases/per_case/tandem_f40a3_phi0_r2/tandem_f40a3_phi0_r2_case.m:233,struct(),{},"{""x_interval_mm"": [3, 327], ""nfft"": 512, ""overlap_fraction"": 0.5, ""frequency_band_hz"": [2, 430], ""min_valid_fraction"": 0.9, ""Uc"": {""method"": ""profile_fraction"", ""fraction"": 0.8, ""nearwall_n"": 0, ""nearwall_plus"": 10.8}}",未作值相等断言,project/lib/+tblR2/temporal_spectra_cache.m:35; project/lib/+tblR2/temporal_spectra_cache.m:36; project/lib/+tblR2/temporal_spectra_cache.m:39; project/lib/+tblR2/temporal_spectra_cache.m:43; project/lib/+tblR2/temporal_spectra_cache.m:45; project/lib/+tblR2/temporal_spectra_cache.m:48; project/lib/+tblR2/temporal_spectra_cache.m:49; project/lib/+tblR2/temporal_spectra_cache.m:73,配置容器/初值复制；请改叶字段,参数区,
controlled,cfg.temporal.x_interval_mm,project/cases/per_case/tandem_f40a3_phi0_r2/tandem_f40a3_phi0_r2_case.m:234,[3 327],"[3, 327]","[3, 327]",相同,project/lib/+tblR2/temporal_spectra_cache.m:35; project/lib/+tblR2/temporal_spectra_cache.m:36; project/lib/+tblR2/temporal_spectra_cache.m:39,用户可调（消费者和本case模式生效时）,参数区,
controlled,cfg.temporal.nfft,project/cases/per_case/tandem_f40a3_phi0_r2/tandem_f40a3_phi0_r2_case.m:235,512,512,512,相同,project/lib/+tblR2/temporal_spectra_cache.m:43; project/lib/+tblR2/correlation_analysis_cache.m:61; project/lib/+tblR2/correlation_analysis_cache.m:345,用户可调（消费者和本case模式生效时）,参数区,
controlled,cfg.temporal.overlap_fraction,project/cases/per_case/tandem_f40a3_phi0_r2/tandem_f40a3_phi0_r2_case.m:236,0.50,0.5,0.5,相同,project/lib/+tblR2/temporal_spectra_cache.m:45; project/lib/+tblR2/correlation_analysis_cache.m:63; project/lib/+tblR2/correlation_analysis_cache.m:357,用户可调（消费者和本case模式生效时）,参数区,
controlled,cfg.temporal.frequency_band_hz,project/cases/per_case/tandem_f40a3_phi0_r2/tandem_f40a3_phi0_r2_case.m:237,[2 430],"[2, 430]","[2, 430]",相同,project/lib/+tblR2/temporal_spectra_cache.m:48; project/lib/+tblR2/temporal_spectra_cache.m:49,用户可调（消费者和本case模式生效时）,参数区,
controlled,cfg.temporal.min_valid_fraction,project/cases/per_case/tandem_f40a3_phi0_r2/tandem_f40a3_phi0_r2_case.m:238,0.90,0.9,0.9,相同,project/lib/+tblR2/temporal_spectra_cache.m:73; project/lib/+tblR2/temporal_spectra_cache.m:120,用户可调（消费者和本case模式生效时）,参数区,
controlled,cfg.temporal.Uc,project/cases/per_case/tandem_f40a3_phi0_r2/tandem_f40a3_phi0_r2_case.m:239,struct(),{},"{""method"": ""profile_fraction"", ""fraction"": 0.8, ""nearwall_n"": 0, ""nearwall_plus"": 10.8}",未作值相等断言,project/lib/+tblR2/temporal_spectra_cache.m:88; project/lib/+tblR2/temporal_spectra_cache.m:89; project/lib/+tblR2/temporal_spectra_cache.m:91; project/lib/+tblR2/temporal_spectra_cache.m:119,配置容器/初值复制；请改叶字段,参数区,
controlled,cfg.temporal.Uc.method,project/cases/per_case/tandem_f40a3_phi0_r2/tandem_f40a3_phi0_r2_case.m:240,'profile_fraction',"""profile_fraction""","""profile_fraction""",相同,project/lib/+tblR2/temporal_spectra_cache.m:119,用户可调（消费者和本case模式生效时）,参数区,
controlled,cfg.temporal.Uc.fraction,project/cases/per_case/tandem_f40a3_phi0_r2/tandem_f40a3_phi0_r2_case.m:241,0.80,0.8,0.8,相同,project/lib/+tblR2/temporal_spectra_cache.m:88,用户可调（消费者和本case模式生效时）,参数区,
controlled,cfg.temporal.Uc.nearwall_n,project/cases/per_case/tandem_f40a3_phi0_r2/tandem_f40a3_phi0_r2_case.m:242,0,0,0,相同,project/lib/+tblR2/temporal_spectra_cache.m:89,用户可调（消费者和本case模式生效时）,参数区,
controlled,cfg.temporal.Uc.nearwall_plus,project/cases/per_case/tandem_f40a3_phi0_r2/tandem_f40a3_phi0_r2_case.m:243,10.8,10.8,10.8,相同,project/lib/+tblR2/temporal_spectra_cache.m:91,用户可调（消费者和本case模式生效时）,参数区,
controlled,cfg.spatial,project/cases/per_case/tandem_f40a3_phi0_r2/tandem_f40a3_phi0_r2_case.m:244,struct(),{},"{""windows_mm"": [3, 327], ""selected_y_plus"": [100, 200, 400, 800], ""min_valid_fraction"": 0.9, ""skip_nearwall_rows"": 2, ""skip_fov_top_rows"": 3}",未作值相等断言,project/lib/+tblR2/spatial_spectra_cache.m:29; project/lib/+tblR2/spatial_spectra_cache.m:31; project/lib/+tblR2/spatial_spectra_cache.m:32; project/lib/+tblR2/spatial_spectra_cache.m:33; project/lib/+tblR2/spatial_spectra_cache.m:39; project/lib/+tblR2/spatial_spectra_cache.m:42; project/lib/+tblR2/spatial_spectra_cache.m:43; project/lib/+tblR2/spatial_spectra_cache.m:44,配置容器/初值复制；请改叶字段,参数区,
controlled,cfg.spatial.windows_mm,project/cases/per_case/tandem_f40a3_phi0_r2/tandem_f40a3_phi0_r2_case.m:245,[3 327],"[3, 327]","[3, 327]",相同,project/lib/+tblR2/spatial_spectra_cache.m:29,用户可调（消费者和本case模式生效时）,参数区,
controlled,cfg.spatial.selected_y_plus,project/cases/per_case/tandem_f40a3_phi0_r2/tandem_f40a3_phi0_r2_case.m:246,[100 200 400 800],"[100, 200, 400, 800]","[100, 200, 400, 800]",相同,project/lib/+tblR2/spatial_spectra_cache.m:165; project/lib/+tblR2/spatial_spectra_cache.m:169; project/lib/+tblR2/spatial_spectra_cache.m:172; project/lib/+tblR2/spatial_spectra_cache.m:173; project/lib/+tblR2/spatial_spectra_cache.m:205; project/lib/+tblR2/streamwise_development_analysis.m:118,用户可调（消费者和本case模式生效时）,参数区,
controlled,cfg.spatial.min_valid_fraction,project/cases/per_case/tandem_f40a3_phi0_r2/tandem_f40a3_phi0_r2_case.m:247,0.90,0.9,0.9,相同,project/lib/+tblR2/spatial_spectra_cache.m:115,用户可调（消费者和本case模式生效时）,参数区,
controlled,cfg.spatial.skip_nearwall_rows,project/cases/per_case/tandem_f40a3_phi0_r2/tandem_f40a3_phi0_r2_case.m:248,2,2,2,相同,project/lib/+tblR2/spatial_spectra_cache.m:32; project/lib/+tblR2/spatial_spectra_cache.m:33; project/lib/+tblR2/spatial_spectra_cache.m:39,用户可调（消费者和本case模式生效时）,参数区,
controlled,cfg.spatial.skip_fov_top_rows,project/cases/per_case/tandem_f40a3_phi0_r2/tandem_f40a3_phi0_r2_case.m:249,3,3,3,相同,project/lib/+tblR2/spatial_spectra_cache.m:43; project/lib/+tblR2/spatial_spectra_cache.m:44; project/lib/+tblR2/spatial_spectra_cache.m:50,用户可调（消费者和本case模式生效时）,参数区,
controlled,cfg.pod,project/cases/per_case/tandem_f40a3_phi0_r2/tandem_f40a3_phi0_r2_case.m:252,struct(),{},"{""n_modes"": 20, ""frame_stride"": 1, ""spatial_stride"": [2, 2], ""x_range_mm"": [80, 328], ""max_y_over_delta"": 1.5, ""oversampling"": 8, ""random_seed"": 1729, ""max_frames"": 12000, ""reconstruction"": {""enabled"": 1, ""frame_positions"": [], ""n_modes"": 20, ""add_mean"": 1, ""include_raw"": 1}}",未作值相等断言,project/lib/+tblR2/pod_cache.m:18; project/lib/+tblR2/pod_cache.m:19; project/lib/+tblR2/pod_cache.m:66; project/lib/+tblR2/pod_cache.m:67; project/lib/+tblR2/pod_cache.m:68; project/lib/+tblR2/pod_cache.m:69; project/lib/+tblR2/pod_reconstruction.m:42; project/lib/+tblR2/section4_vlsm_analysis.m:257,配置容器/初值复制；请改叶字段,参数区,
controlled,cfg.pod.n_modes,project/cases/per_case/tandem_f40a3_phi0_r2/tandem_f40a3_phi0_r2_case.m:253,20,20,20,相同,project/lib/+tblR2/pod_cache.m:19,用户可调（消费者和本case模式生效时）,参数区,
controlled,cfg.pod.frame_stride,project/cases/per_case/tandem_f40a3_phi0_r2/tandem_f40a3_phi0_r2_case.m:254,1,1,1,相同,tblR2.pod_module（按调用组定位，非逐字段动态覆盖证明）,用户可调（消费者和本case模式生效时）,参数区,
controlled,cfg.pod.spatial_stride,project/cases/per_case/tandem_f40a3_phi0_r2/tandem_f40a3_phi0_r2_case.m:255,[2 2],"[2, 2]","[2, 2]",相同,tblR2.pod_module（按调用组定位，非逐字段动态覆盖证明）,用户可调（消费者和本case模式生效时）,参数区,
controlled,cfg.pod.x_range_mm,project/cases/per_case/tandem_f40a3_phi0_r2/tandem_f40a3_phi0_r2_case.m:256,[80 328],"[80, 328]","[80, 328]",相同,tblR2.pod_module（按调用组定位，非逐字段动态覆盖证明）,用户可调（消费者和本case模式生效时）,参数区,
controlled,cfg.pod.max_y_over_delta,project/cases/per_case/tandem_f40a3_phi0_r2/tandem_f40a3_phi0_r2_case.m:257,1.5,1.5,1.5,相同,tblR2.pod_module（按调用组定位，非逐字段动态覆盖证明）,用户可调（消费者和本case模式生效时）,参数区,
controlled,cfg.pod.oversampling,project/cases/per_case/tandem_f40a3_phi0_r2/tandem_f40a3_phi0_r2_case.m:258,8,8,8,相同,tblR2.pod_module（按调用组定位，非逐字段动态覆盖证明）,用户可调（消费者和本case模式生效时）,参数区,
controlled,cfg.pod.random_seed,project/cases/per_case/tandem_f40a3_phi0_r2/tandem_f40a3_phi0_r2_case.m:259,1729,1729,1729,相同,tblR2.pod_module（按调用组定位，非逐字段动态覆盖证明）,用户可调（消费者和本case模式生效时）,参数区,
controlled,cfg.pod.max_frames,project/cases/per_case/tandem_f40a3_phi0_r2/tandem_f40a3_phi0_r2_case.m:260,cfg.total_frames,12000,12000,相同,tblR2.pod_module（按调用组定位，非逐字段动态覆盖证明）,用户可调（消费者和本case模式生效时）,参数区,
controlled,cfg.pod.reconstruction,project/cases/per_case/tandem_f40a3_phi0_r2/tandem_f40a3_phi0_r2_case.m:261,struct(),{},"{""enabled"": 1, ""frame_positions"": [], ""n_modes"": 20, ""add_mean"": 1, ""include_raw"": 1}",未作值相等断言,project/lib/+tblR2/pod_cache.m:67; project/lib/+tblR2/pod_cache.m:68; project/lib/+tblR2/pod_cache.m:69,配置容器/初值复制；请改叶字段,参数区,
controlled,cfg.pod.reconstruction.enabled,project/cases/per_case/tandem_f40a3_phi0_r2/tandem_f40a3_phi0_r2_case.m:262,true,true,1,相同（数值类型表示差异）,project/lib/+tblR2/pod_cache.m:68,用户可调（消费者和本case模式生效时）,参数区,
controlled,cfg.pod.reconstruction.frame_positions,project/cases/per_case/tandem_f40a3_phi0_r2/tandem_f40a3_phi0_r2_case.m:263,[],[],[],相同,tblR2.pod_module（按调用组定位，非逐字段动态覆盖证明）,用户可调（消费者和本case模式生效时）,参数区,
controlled,cfg.pod.reconstruction.n_modes,project/cases/per_case/tandem_f40a3_phi0_r2/tandem_f40a3_phi0_r2_case.m:264,20,20,20,相同,tblR2.pod_module（按调用组定位，非逐字段动态覆盖证明）,用户可调（消费者和本case模式生效时）,参数区,
controlled,cfg.pod.reconstruction.add_mean,project/cases/per_case/tandem_f40a3_phi0_r2/tandem_f40a3_phi0_r2_case.m:265,true,true,1,相同（数值类型表示差异）,tblR2.pod_module（按调用组定位，非逐字段动态覆盖证明）,用户可调（消费者和本case模式生效时）,参数区,
controlled,cfg.pod.reconstruction.include_raw,project/cases/per_case/tandem_f40a3_phi0_r2/tandem_f40a3_phi0_r2_case.m:266,true,true,1,相同（数值类型表示差异）,tblR2.pod_module（按调用组定位，非逐字段动态覆盖证明）,用户可调（消费者和本case模式生效时）,参数区,
controlled,cfg.dmd,project/cases/per_case/tandem_f40a3_phi0_r2/tandem_f40a3_phi0_r2_case.m:267,cfg.pod,"""继承cfg.pod此前已定义的全部字段，再由下方叶字段覆盖；见 expression 和对应字段记录""","{""n_modes"": 20, ""frame_stride"": 1, ""spatial_stride"": [2, 4], ""x_range_mm"": [80, 328], ""max_y_over_delta"": 1.5, ""oversampling"": 8, ""random_seed"": 2718, ""max_frames"": 12000, ""reconstruction"": {""enabled"": 1, ""frame_positions"": [], ""n_modes"": 20, ""add_mean"": 1, ""include_raw"": 1}}",未作值相等断言,project/lib/+tblR2/dmd_module.m:20; project/lib/+tblR2/dmd_module.m:23; project/lib/+tblR2/dmd_module.m:55; project/lib/+tblR2/dmd_module.m:56,派生初值继承；请改POD公共字段或下面的DMD/SPOD覆盖字段,参数区,
controlled,cfg.dmd.spatial_stride,project/cases/per_case/tandem_f40a3_phi0_r2/tandem_f40a3_phi0_r2_case.m:268,[2 4],"[2, 4]","[2, 4]",相同,tblR2.dmd_module（cfg.pod 初值继承）（按调用组定位，非逐字段动态覆盖证明）,用户可调（消费者和本case模式生效时）,参数区,
controlled,cfg.dmd.random_seed,project/cases/per_case/tandem_f40a3_phi0_r2/tandem_f40a3_phi0_r2_case.m:269,2718,2718,2718,相同,tblR2.dmd_module（cfg.pod 初值继承）（按调用组定位，非逐字段动态覆盖证明）,用户可调（消费者和本case模式生效时）,参数区,
controlled,cfg.spod,project/cases/per_case/tandem_f40a3_phi0_r2/tandem_f40a3_phi0_r2_case.m:270,cfg.dmd,"""继承cfg.dmd此前已定义的全部字段，再由下方叶字段覆盖；见 expression 和对应字段记录""","{""n_modes"": 20, ""frame_stride"": 1, ""spatial_stride"": [2, 4], ""x_range_mm"": [80, 328], ""max_y_over_delta"": 1.5, ""oversampling"": 8, ""random_seed"": 2718, ""max_frames"": 12000, ""reconstruction"": {""enabled"": 1, ""frame_positions"": [], ""n_modes"": 20, ""add_mean"": 1, ""include_raw"": 1}, ""nfft"": 512, ""overlap_fraction"": 0.5, ""selected_frequencies_hz"": [], ""spatial_block_dof"": 256}",未作值相等断言,project/lib/+tblR2/spod_cache.m:13; project/lib/+tblR2/spod_toolbox_adapter.m:16; project/lib/+tblR2/spod_toolbox_adapter.m:21; project/lib/+tblR2/spod_toolbox_adapter.m:35; project/lib/+tblR2/spod_toolbox_adapter.m:41; project/lib/+tblR2/spod_toolbox_adapter.m:51,派生初值继承；请改POD公共字段或下面的DMD/SPOD覆盖字段,参数区,
controlled,cfg.spod.nfft,project/cases/per_case/tandem_f40a3_phi0_r2/tandem_f40a3_phi0_r2_case.m:271,512,512,512,相同,project/lib/+tblR2/spod_toolbox_adapter.m:16,用户可调（消费者和本case模式生效时）,参数区,
controlled,cfg.spod.overlap_fraction,project/cases/per_case/tandem_f40a3_phi0_r2/tandem_f40a3_phi0_r2_case.m:272,0.50,0.5,0.5,相同,project/lib/+tblR2/spod_toolbox_adapter.m:21,用户可调（消费者和本case模式生效时）,参数区,
controlled,cfg.spod.selected_frequencies_hz,project/cases/per_case/tandem_f40a3_phi0_r2/tandem_f40a3_phi0_r2_case.m:273,[],[],[],相同,tblR2.spod_cache（cfg.dmd 初值继承）（按调用组定位，非逐字段动态覆盖证明）,用户可调（消费者和本case模式生效时）,参数区,
controlled,cfg.spod.spatial_block_dof,project/cases/per_case/tandem_f40a3_phi0_r2/tandem_f40a3_phi0_r2_case.m:274,256,256,256,相同,tblR2.spod_cache（cfg.dmd 初值继承）（按调用组定位，非逐字段动态覆盖证明）,用户可调（消费者和本case模式生效时）,参数区,
controlled,cfg.lcs,project/cases/per_case/tandem_f40a3_phi0_r2/tandem_f40a3_phi0_r2_case.m:275,struct(),{},"{""direction"": ""backward"", ""integration_steps"": 10, ""frame_start"": 11, ""frame_end"": [], ""frame_stride"": 1, ""seed_region"": [], ""seed_size"": [41, 41], ""velocity_to_grid_scale"": 1000, ""plot_frame_indices"": [], ""branch"": ""raw"", ""source_role"": ""postproc""}",未作值相等断言,project/lib/+tblR2/plot_products.m:74; project/lib/+tblR2/plot_products.m:75; project/lib/+tblR2/plot_products.m:76; project/lib/+tblR2/validate_config.m:72; project/lib/+tblR2/lcs_ftle.m:28,配置容器/初值复制；请改叶字段,参数区,
controlled,cfg.lcs.direction,project/cases/per_case/tandem_f40a3_phi0_r2/tandem_f40a3_phi0_r2_case.m:276,'backward',"""backward""","""backward""",相同,tblR2.lcs_ftle（按调用组定位，非逐字段动态覆盖证明）,用户可调（消费者和本case模式生效时）,参数区,
controlled,cfg.lcs.integration_steps,project/cases/per_case/tandem_f40a3_phi0_r2/tandem_f40a3_phi0_r2_case.m:277,10,10,10,相同,tblR2.lcs_ftle（按调用组定位，非逐字段动态覆盖证明）,用户可调（消费者和本case模式生效时）,参数区,
controlled,cfg.lcs.frame_start,project/cases/per_case/tandem_f40a3_phi0_r2/tandem_f40a3_phi0_r2_case.m:278,11,11,11,相同,tblR2.lcs_ftle（按调用组定位，非逐字段动态覆盖证明）,用户可调（消费者和本case模式生效时）,参数区,
controlled,cfg.lcs.frame_end,project/cases/per_case/tandem_f40a3_phi0_r2/tandem_f40a3_phi0_r2_case.m:279,[],[],[],相同,tblR2.lcs_ftle（按调用组定位，非逐字段动态覆盖证明）,用户可调（消费者和本case模式生效时）,参数区,
controlled,cfg.lcs.frame_stride,project/cases/per_case/tandem_f40a3_phi0_r2/tandem_f40a3_phi0_r2_case.m:280,1,1,1,相同,tblR2.lcs_ftle（按调用组定位，非逐字段动态覆盖证明）,用户可调（消费者和本case模式生效时）,参数区,
controlled,cfg.lcs.seed_region,project/cases/per_case/tandem_f40a3_phi0_r2/tandem_f40a3_phi0_r2_case.m:281,[],[],[],相同,tblR2.lcs_ftle（按调用组定位，非逐字段动态覆盖证明）,用户可调（消费者和本case模式生效时）,参数区,
controlled,cfg.lcs.seed_size,project/cases/per_case/tandem_f40a3_phi0_r2/tandem_f40a3_phi0_r2_case.m:282,[41 41],"[41, 41]","[41, 41]",相同,tblR2.lcs_ftle（按调用组定位，非逐字段动态覆盖证明）,用户可调（消费者和本case模式生效时）,参数区,
controlled,cfg.lcs.velocity_to_grid_scale,project/cases/per_case/tandem_f40a3_phi0_r2/tandem_f40a3_phi0_r2_case.m:283,1000,1000,1000,相同,tblR2.lcs_ftle（按调用组定位，非逐字段动态覆盖证明）,用户可调（消费者和本case模式生效时）,参数区,
controlled,cfg.lcs.plot_frame_indices,project/cases/per_case/tandem_f40a3_phi0_r2/tandem_f40a3_phi0_r2_case.m:284,[],[],[],相同,project/lib/+tblR2/plot_products.m:75; project/lib/+tblR2/plot_products.m:76,用户可调（消费者和本case模式生效时）,参数区,
controlled,cfg.lcs.branch,project/cases/per_case/tandem_f40a3_phi0_r2/tandem_f40a3_phi0_r2_case.m:285,'raw',"""raw""","""raw""",相同,tblR2.lcs_ftle（按调用组定位，非逐字段动态覆盖证明）,用户可调（消费者和本case模式生效时）,参数区,
controlled,cfg.lcs.source_role,project/cases/per_case/tandem_f40a3_phi0_r2/tandem_f40a3_phi0_r2_case.m:286,'postproc',"""postproc""","""postproc""",相同,tblR2.lcs_ftle（按调用组定位，非逐字段动态覆盖证明）,用户可调（消费者和本case模式生效时）,参数区,
controlled,cfg.correlations,project/cases/per_case/tandem_f40a3_phi0_r2/tandem_f40a3_phi0_r2_case.m:289,struct(),{},"{""reference_points_mm"": [[120, 1], [200, 1], [280, 1]], ""max_time_lag_s"": 0.1, ""max_streamwise_lag_mm"": 120, ""selected_y_plus"": [100, 200, 400, 800], ""ridge_min_correlation"": 0.2, ""two_point"": 0, ""space_time"": 0, ""streamwise"": 0}",未作值相等断言,project/lib/+tblR2/correlation_analysis_cache.m:13; project/lib/+tblR2/correlation_analysis_cache.m:23; project/lib/+tblR2/correlation_analysis_cache.m:24; project/lib/+tblR2/correlation_analysis_cache.m:25; project/lib/+tblR2/correlation_analysis_cache.m:26; project/lib/+tblR2/correlation_analysis_cache.m:98; project/lib/+tblR2/correlation_analysis_cache.m:102; project/lib/+tblR2/correlation_analysis_cache.m:104,配置容器/初值复制；请改叶字段,参数区,
controlled,cfg.correlations.reference_points_mm,project/cases/per_case/tandem_f40a3_phi0_r2/tandem_f40a3_phi0_r2_case.m:290,[120 1; 200 1; 280 1],"[[120, 1], [200, 1], [280, 1]]","[[120, 1], [200, 1], [280, 1]]",相同,project/lib/+tblR2/correlation_analysis_cache.m:13,用户可调（消费者和本case模式生效时）,参数区,
controlled,cfg.correlations.max_time_lag_s,project/cases/per_case/tandem_f40a3_phi0_r2/tandem_f40a3_phi0_r2_case.m:291,0.10,0.1,0.1,相同,project/lib/+tblR2/correlation_analysis_cache.m:23,用户可调（消费者和本case模式生效时）,参数区,
controlled,cfg.correlations.max_streamwise_lag_mm,project/cases/per_case/tandem_f40a3_phi0_r2/tandem_f40a3_phi0_r2_case.m:292,120,120,120,相同,project/lib/+tblR2/correlation_analysis_cache.m:156; project/lib/+tblR2/correlation_analysis_cache.m:279,用户可调（消费者和本case模式生效时）,参数区,
controlled,cfg.correlations.selected_y_plus,project/cases/per_case/tandem_f40a3_phi0_r2/tandem_f40a3_phi0_r2_case.m:293,[100 200 400 800],"[100, 200, 400, 800]","[100, 200, 400, 800]",相同,project/lib/+tblR2/correlation_analysis_cache.m:98; project/lib/+tblR2/correlation_analysis_cache.m:102; project/lib/+tblR2/correlation_analysis_cache.m:104; project/lib/+tblR2/correlation_analysis_cache.m:105; project/lib/+tblR2/correlation_analysis_cache.m:129; project/lib/+tblR2/harmonic_analysis.m:58,用户可调（消费者和本case模式生效时）,参数区,
controlled,cfg.correlations.ridge_min_correlation,project/cases/per_case/tandem_f40a3_phi0_r2/tandem_f40a3_phi0_r2_case.m:294,0.20,0.2,0.2,相同,project/lib/+tblR2/correlation_analysis_cache.m:293; project/lib/+tblR2/correlation_analysis_cache.m:315,用户可调（消费者和本case模式生效时）,参数区,
controlled,cfg.correlations.two_point,project/cases/per_case/tandem_f40a3_phi0_r2/tandem_f40a3_phi0_r2_case.m:295,false,false,0,相同（数值类型表示差异）,tblR2.correlation_analysis_cache（按调用组定位，非逐字段动态覆盖证明）,用户可调（消费者和本case模式生效时）,参数区,
controlled,cfg.correlations.space_time,project/cases/per_case/tandem_f40a3_phi0_r2/tandem_f40a3_phi0_r2_case.m:296,false,false,0,相同（数值类型表示差异）,tblR2.correlation_analysis_cache（按调用组定位，非逐字段动态覆盖证明）,用户可调（消费者和本case模式生效时）,参数区,
controlled,cfg.correlations.streamwise,project/cases/per_case/tandem_f40a3_phi0_r2/tandem_f40a3_phi0_r2_case.m:297,false,false,0,相同（数值类型表示差异）,tblR2.correlation_analysis_cache（按调用组定位，非逐字段动态覆盖证明）,用户可调（消费者和本case模式生效时）,参数区,
controlled,cfg.streamwise_development,project/cases/per_case/tandem_f40a3_phi0_r2/tandem_f40a3_phi0_r2_case.m:298,struct(),{},"{""edge_buffer_columns"": 20}",未作值相等断言,project/lib/+tblR2/streamwise_development_analysis.m:19; project/lib/+tblR2/streamwise_development_analysis.m:20; project/lib/+tblR2/streamwise_development_analysis.m:23; project/lib/+tblR2/plot_core_products.m:973; project/lib/+tblR2/plot_core_products.m:975,配置容器/初值复制；请改叶字段,参数区,
controlled,cfg.streamwise_development.edge_buffer_columns,project/cases/per_case/tandem_f40a3_phi0_r2/tandem_f40a3_phi0_r2_case.m:299,20,20,20,相同,project/lib/+tblR2/plot_core_products.m:975,用户可调（消费者和本case模式生效时）,参数区,
controlled,cfg.figures,project/cases/per_case/tandem_f40a3_phi0_r2/tandem_f40a3_phi0_r2_case.m:302,struct(),{},"{""formats"": [""png"", ""fig""], ""export_dpi"": 200, ""robust_color_quantiles"": [0.005, 0.995], ""contour_levels"": {""default"": 60}, ""colormaps"": {""default"": ""turbo"", ""mean_u"": ""turbo"", ""mean_v"": ""balance"", ""u_rms"": ""turbo"", ""v_rms"": ""turbo"", ""negative_uv"": ""balance"", ""tke"": ""turbo""}, ""window_size"": {""default"": [1450, 760], ""mean_turbulence"": [1450, 760], ""mean_profiles"": [1500, 700], ""loglaw"": [1250, 560], ""loglaw_diagnostic"": [1250, 560], ""modern_clauser"": [1250, 560], ""modern_clauser_sensitivity"": [1400, 850], ""friction"": [1250, 550]}, ""color_limits"": {""mean_u"": [0.3, 1.03], ""mean_v"": [-0.01, 0.01], ""u_rms"": [0.02, 0.32], ""v_rms"": [0.015, 0.13], ""negative_uv"": [-0.0016, 0.0016], ""tke"": [0.0, 0.06]}, ""fov_aspect_ratio"": [1, 1], ""instantaneous"": {""frame_range"": [1, 3], ""frame_stride"": 1, ""animation"": {""enabled"": 0, ""fps"": 5}, ""color_limits"": {}}, ""jobs"": [""mean_turbulence"", ""mean_profiles"", ""loglaw"", ""loglaw_diagnostic"", ""modern_clauser"", ""friction"", ""structures"", ""transport"", ""temporal_spectra"", ""spatial_spectra"", ""pod"", ""dmd"", ""lcs_ftle"", ""spod"", ""phase_triple"", ""correlations"", ""harmonics""]}",未作值相等断言,project/lib/+tblR2/figures_family.m:8; project/lib/+tblR2/figures_family.m:12; project/lib/+tblR2/figures_family.m:15; project/lib/+tblR2/figures_family.m:23; project/lib/+tblR2/figures_family.m:24; project/lib/+tblR2/figures_family.m:25; project/lib/+tblR2/figures_family.m:26; project/lib/+tblR2/figures_global.m:8,配置容器/初值复制；请改叶字段,参数区,
controlled,cfg.figures.formats,project/cases/per_case/tandem_f40a3_phi0_r2/tandem_f40a3_phi0_r2_case.m:303,"{'png', 'fig'}","[""png"", ""fig""]","[""png"", ""fig""]",相同,tblR2.figures_global / figures_family -> 实际绘图函数（需按job检查）（按调用组定位，非逐字段动态覆盖证明）,用户可调（消费者和本case模式生效时）,参数区,
controlled,cfg.figures.export_dpi,project/cases/per_case/tandem_f40a3_phi0_r2/tandem_f40a3_phi0_r2_case.m:304,200,200,200,相同,project/lib/+tblR2/section4_vlsm_analysis.m:355,用户可调（消费者和本case模式生效时）,参数区,
controlled,cfg.figures.robust_color_quantiles,project/cases/per_case/tandem_f40a3_phi0_r2/tandem_f40a3_phi0_r2_case.m:305,[0.005 0.995],"[0.005, 0.995]","[0.005, 0.995]",相同,tblR2.figures_global / figures_family -> 实际绘图函数（需按job检查）（按调用组定位，非逐字段动态覆盖证明）,用户可调（消费者和本case模式生效时）,参数区,
controlled,cfg.figures.contour_levels,project/cases/per_case/tandem_f40a3_phi0_r2/tandem_f40a3_phi0_r2_case.m:306,struct(),{},"{""default"": 60}",未作值相等断言,tblR2.figures_global / figures_family -> 实际绘图函数（需按job检查）（按调用组定位，非逐字段动态覆盖证明）,配置容器/初值复制；请改叶字段,参数区,
controlled,cfg.figures.contour_levels.default,project/cases/per_case/tandem_f40a3_phi0_r2/tandem_f40a3_phi0_r2_case.m:307,60,60,60,相同,tblR2.figures_global / figures_family -> 实际绘图函数（需按job检查）（按调用组定位，非逐字段动态覆盖证明）,用户可调（消费者和本case模式生效时）,参数区,
controlled,cfg.figures.colormaps,project/cases/per_case/tandem_f40a3_phi0_r2/tandem_f40a3_phi0_r2_case.m:308,struct(),{},"{""default"": ""turbo"", ""mean_u"": ""turbo"", ""mean_v"": ""balance"", ""u_rms"": ""turbo"", ""v_rms"": ""turbo"", ""negative_uv"": ""balance"", ""tke"": ""turbo""}",未作值相等断言,tblR2.figures_global / figures_family -> 实际绘图函数（需按job检查）（按调用组定位，非逐字段动态覆盖证明）,配置容器/初值复制；请改叶字段,参数区,
controlled,cfg.figures.colormaps.default,project/cases/per_case/tandem_f40a3_phi0_r2/tandem_f40a3_phi0_r2_case.m:309,'turbo',"""turbo""","""turbo""",相同,tblR2.figures_global / figures_family -> 实际绘图函数（需按job检查）（按调用组定位，非逐字段动态覆盖证明）,用户可调（消费者和本case模式生效时）,参数区,
controlled,cfg.figures.colormaps.mean_u,project/cases/per_case/tandem_f40a3_phi0_r2/tandem_f40a3_phi0_r2_case.m:310,'turbo',"""turbo""","""turbo""",相同,tblR2.figures_global / figures_family -> 实际绘图函数（需按job检查）（按调用组定位，非逐字段动态覆盖证明）,用户可调（消费者和本case模式生效时）,参数区,
controlled,cfg.figures.colormaps.mean_v,project/cases/per_case/tandem_f40a3_phi0_r2/tandem_f40a3_phi0_r2_case.m:311,'balance',"""balance""","""balance""",相同,tblR2.figures_global / figures_family -> 实际绘图函数（需按job检查）（按调用组定位，非逐字段动态覆盖证明）,用户可调（消费者和本case模式生效时）,参数区,
controlled,cfg.figures.colormaps.u_rms,project/cases/per_case/tandem_f40a3_phi0_r2/tandem_f40a3_phi0_r2_case.m:312,'turbo',"""turbo""","""turbo""",相同,tblR2.figures_global / figures_family -> 实际绘图函数（需按job检查）（按调用组定位，非逐字段动态覆盖证明）,用户可调（消费者和本case模式生效时）,参数区,
controlled,cfg.figures.colormaps.v_rms,project/cases/per_case/tandem_f40a3_phi0_r2/tandem_f40a3_phi0_r2_case.m:313,'turbo',"""turbo""","""turbo""",相同,tblR2.figures_global / figures_family -> 实际绘图函数（需按job检查）（按调用组定位，非逐字段动态覆盖证明）,用户可调（消费者和本case模式生效时）,参数区,
controlled,cfg.figures.colormaps.negative_uv,project/cases/per_case/tandem_f40a3_phi0_r2/tandem_f40a3_phi0_r2_case.m:314,'balance',"""balance""","""balance""",相同,tblR2.figures_global / figures_family -> 实际绘图函数（需按job检查）（按调用组定位，非逐字段动态覆盖证明）,用户可调（消费者和本case模式生效时）,参数区,
controlled,cfg.figures.colormaps.tke,project/cases/per_case/tandem_f40a3_phi0_r2/tandem_f40a3_phi0_r2_case.m:315,'turbo',"""turbo""","""turbo""",相同,tblR2.figures_global / figures_family -> 实际绘图函数（需按job检查）（按调用组定位，非逐字段动态覆盖证明）,用户可调（消费者和本case模式生效时）,参数区,
controlled,cfg.figures.window_size,project/cases/per_case/tandem_f40a3_phi0_r2/tandem_f40a3_phi0_r2_case.m:316,struct(),{},"{""default"": [1450, 760], ""mean_turbulence"": [1450, 760], ""mean_profiles"": [1500, 700], ""loglaw"": [1250, 560], ""loglaw_diagnostic"": [1250, 560], ""modern_clauser"": [1250, 560], ""modern_clauser_sensitivity"": [1400, 850], ""friction"": [1250, 550]}",未作值相等断言,tblR2.figures_global / figures_family -> 实际绘图函数（需按job检查）（按调用组定位，非逐字段动态覆盖证明）,配置容器/初值复制；请改叶字段,参数区,
controlled,cfg.figures.window_size.default,project/cases/per_case/tandem_f40a3_phi0_r2/tandem_f40a3_phi0_r2_case.m:317,[1450 760],"[1450, 760]","[1450, 760]",相同,tblR2.figures_global / figures_family -> 实际绘图函数（需按job检查）（按调用组定位，非逐字段动态覆盖证明）,用户可调（消费者和本case模式生效时）,参数区,
controlled,cfg.figures.window_size.mean_turbulence,project/cases/per_case/tandem_f40a3_phi0_r2/tandem_f40a3_phi0_r2_case.m:318,[1450 760],"[1450, 760]","[1450, 760]",相同,tblR2.figures_global / figures_family -> 实际绘图函数（需按job检查）（按调用组定位，非逐字段动态覆盖证明）,用户可调（消费者和本case模式生效时）,参数区,
controlled,cfg.figures.window_size.mean_profiles,project/cases/per_case/tandem_f40a3_phi0_r2/tandem_f40a3_phi0_r2_case.m:319,[1500 700],"[1500, 700]","[1500, 700]",相同,tblR2.figures_global / figures_family -> 实际绘图函数（需按job检查）（按调用组定位，非逐字段动态覆盖证明）,用户可调（消费者和本case模式生效时）,参数区,
controlled,cfg.figures.window_size.loglaw,project/cases/per_case/tandem_f40a3_phi0_r2/tandem_f40a3_phi0_r2_case.m:320,[1250 560],"[1250, 560]","[1250, 560]",相同,tblR2.figures_global / figures_family -> 实际绘图函数（需按job检查）（按调用组定位，非逐字段动态覆盖证明）,用户可调（消费者和本case模式生效时）,参数区,
controlled,cfg.figures.window_size.loglaw_diagnostic,project/cases/per_case/tandem_f40a3_phi0_r2/tandem_f40a3_phi0_r2_case.m:321,[1250 560],"[1250, 560]","[1250, 560]",相同,tblR2.figures_global / figures_family -> 实际绘图函数（需按job检查）（按调用组定位，非逐字段动态覆盖证明）,用户可调（消费者和本case模式生效时）,参数区,
controlled,cfg.figures.window_size.modern_clauser,project/cases/per_case/tandem_f40a3_phi0_r2/tandem_f40a3_phi0_r2_case.m:322,[1250 560],"[1250, 560]","[1250, 560]",相同,tblR2.figures_global / figures_family -> 实际绘图函数（需按job检查）（按调用组定位，非逐字段动态覆盖证明）,用户可调（消费者和本case模式生效时）,参数区,
controlled,cfg.figures.window_size.modern_clauser_sensitivity,project/cases/per_case/tandem_f40a3_phi0_r2/tandem_f40a3_phi0_r2_case.m:323,[1400 850],"[1400, 850]","[1400, 850]",相同,tblR2.figures_global / figures_family -> 实际绘图函数（需按job检查）（按调用组定位，非逐字段动态覆盖证明）,用户可调（消费者和本case模式生效时）,参数区,
controlled,cfg.figures.window_size.friction,project/cases/per_case/tandem_f40a3_phi0_r2/tandem_f40a3_phi0_r2_case.m:324,[1250 550],"[1250, 550]","[1250, 550]",相同,tblR2.figures_global / figures_family -> 实际绘图函数（需按job检查）（按调用组定位，非逐字段动态覆盖证明）,用户可调（消费者和本case模式生效时）,参数区,
controlled,cfg.figures.color_limits,project/cases/per_case/tandem_f40a3_phi0_r2/tandem_f40a3_phi0_r2_case.m:325,struct(),{},"{""mean_u"": [0.3, 1.03], ""mean_v"": [-0.01, 0.01], ""u_rms"": [0.02, 0.32], ""v_rms"": [0.015, 0.13], ""negative_uv"": [-0.0016, 0.0016], ""tke"": [0.0, 0.06]}",未作值相等断言,tblR2.figures_global / figures_family -> 实际绘图函数（需按job检查）（按调用组定位，非逐字段动态覆盖证明）,配置容器/初值复制；请改叶字段,参数区,
controlled,cfg.figures.color_limits.mean_u,project/cases/per_case/tandem_f40a3_phi0_r2/tandem_f40a3_phi0_r2_case.m:326,[0.30 1.03],"[0.3, 1.03]","[0.3, 1.03]",相同,tblR2.figures_global / figures_family -> 实际绘图函数（需按job检查）（按调用组定位，非逐字段动态覆盖证明）,用户可调（消费者和本case模式生效时）,参数区,
controlled,cfg.figures.color_limits.mean_v,project/cases/per_case/tandem_f40a3_phi0_r2/tandem_f40a3_phi0_r2_case.m:327,[-0.01 0.01],"[-0.01, 0.01]","[-0.01, 0.01]",相同,tblR2.figures_global / figures_family -> 实际绘图函数（需按job检查）（按调用组定位，非逐字段动态覆盖证明）,用户可调（消费者和本case模式生效时）,参数区,
controlled,cfg.figures.color_limits.u_rms,project/cases/per_case/tandem_f40a3_phi0_r2/tandem_f40a3_phi0_r2_case.m:328,[0.02 0.32],"[0.02, 0.32]","[0.02, 0.32]",相同,tblR2.figures_global / figures_family -> 实际绘图函数（需按job检查）（按调用组定位，非逐字段动态覆盖证明）,用户可调（消费者和本case模式生效时）,参数区,
controlled,cfg.figures.color_limits.v_rms,project/cases/per_case/tandem_f40a3_phi0_r2/tandem_f40a3_phi0_r2_case.m:329,[0.015 0.13],"[0.015, 0.13]","[0.015, 0.13]",相同,tblR2.figures_global / figures_family -> 实际绘图函数（需按job检查）（按调用组定位，非逐字段动态覆盖证明）,用户可调（消费者和本case模式生效时）,参数区,
controlled,cfg.figures.color_limits.negative_uv,project/cases/per_case/tandem_f40a3_phi0_r2/tandem_f40a3_phi0_r2_case.m:330,[-0.0016 0.0016],"[-0.0016, 0.0016]","[-0.0016, 0.0016]",相同,tblR2.figures_global / figures_family -> 实际绘图函数（需按job检查）（按调用组定位，非逐字段动态覆盖证明）,用户可调（消费者和本case模式生效时）,参数区,
controlled,cfg.figures.color_limits.tke,project/cases/per_case/tandem_f40a3_phi0_r2/tandem_f40a3_phi0_r2_case.m:331,[0 0.06],"[0, 0.06]","[0.0, 0.06]",相同（数值类型表示差异）,tblR2.figures_global / figures_family -> 实际绘图函数（需按job检查）（按调用组定位，非逐字段动态覆盖证明）,用户可调（消费者和本case模式生效时）,参数区,
controlled,cfg.figures.fov_aspect_ratio,project/cases/per_case/tandem_f40a3_phi0_r2/tandem_f40a3_phi0_r2_case.m:332,[1 1],"[1, 1]","[1, 1]",相同,tblR2.figures_global / figures_family -> 实际绘图函数（需按job检查）（按调用组定位，非逐字段动态覆盖证明）,用户可调（消费者和本case模式生效时）,参数区,
controlled,cfg.figures.instantaneous,project/cases/per_case/tandem_f40a3_phi0_r2/tandem_f40a3_phi0_r2_case.m:333,struct(),{},"{""frame_range"": [1, 3], ""frame_stride"": 1, ""animation"": {""enabled"": 0, ""fps"": 5}, ""color_limits"": {}}",未作值相等断言,tblR2.figures_global / figures_family -> 实际绘图函数（需按job检查）（按调用组定位，非逐字段动态覆盖证明）,配置容器/初值复制；请改叶字段,参数区,
controlled,cfg.figures.instantaneous.frame_range,project/cases/per_case/tandem_f40a3_phi0_r2/tandem_f40a3_phi0_r2_case.m:334,[1 3],"[1, 3]","[1, 3]",相同,tblR2.figures_global / figures_family -> 实际绘图函数（需按job检查）（按调用组定位，非逐字段动态覆盖证明）,用户可调（消费者和本case模式生效时）,参数区,
controlled,cfg.figures.instantaneous.frame_stride,project/cases/per_case/tandem_f40a3_phi0_r2/tandem_f40a3_phi0_r2_case.m:335,1,1,1,相同,tblR2.figures_global / figures_family -> 实际绘图函数（需按job检查）（按调用组定位，非逐字段动态覆盖证明）,用户可调（消费者和本case模式生效时）,参数区,
controlled,cfg.figures.instantaneous.animation,project/cases/per_case/tandem_f40a3_phi0_r2/tandem_f40a3_phi0_r2_case.m:336,struct(),{},"{""enabled"": 0, ""fps"": 5}",未作值相等断言,tblR2.figures_global / figures_family -> 实际绘图函数（需按job检查）（按调用组定位，非逐字段动态覆盖证明）,配置容器/初值复制；请改叶字段,参数区,
controlled,cfg.figures.instantaneous.animation.enabled,project/cases/per_case/tandem_f40a3_phi0_r2/tandem_f40a3_phi0_r2_case.m:337,false,false,0,相同（数值类型表示差异）,tblR2.figures_global / figures_family -> 实际绘图函数（需按job检查）（按调用组定位，非逐字段动态覆盖证明）,用户可调（消费者和本case模式生效时）,参数区,
controlled,cfg.figures.instantaneous.animation.fps,project/cases/per_case/tandem_f40a3_phi0_r2/tandem_f40a3_phi0_r2_case.m:338,5,5,5,相同,tblR2.figures_global / figures_family -> 实际绘图函数（需按job检查）（按调用组定位，非逐字段动态覆盖证明）,用户可调（消费者和本case模式生效时）,参数区,
controlled,cfg.figures.instantaneous.color_limits,project/cases/per_case/tandem_f40a3_phi0_r2/tandem_f40a3_phi0_r2_case.m:339,struct(),{},{},未作值相等断言,tblR2.figures_global / figures_family -> 实际绘图函数（需按job检查）（按调用组定位，非逐字段动态覆盖证明）,配置容器/初值复制；请改叶字段,参数区,
controlled,cfg.figures.jobs,project/cases/per_case/tandem_f40a3_phi0_r2/tandem_f40a3_phi0_r2_case.m:340,"{'mean_turbulence', 'mean_profiles', 'loglaw', 'loglaw_diagnostic', 'modern_clauser', 'friction', 'structures', 'transport', 'temporal_spectra', 'spatial_spectra', 'pod', 'dmd', 'lcs_ftle', 'spod', 'phase_triple', 'correlations', 'harmonics'}","[""mean_turbulence"", ""mean_profiles"", ""loglaw"", ""loglaw_diagnostic"", ""modern_clauser"", ""friction"", ""structures"", ""transport"", ""temporal_spectra"", ""spatial_spectra"", ""pod"", ""dmd"", ""lcs_ftle"", ""spod"", ""phase_triple"", ""correlations"", ""harmonics""]","[""mean_turbulence"", ""mean_profiles"", ""loglaw"", ""loglaw_diagnostic"", ""modern_clauser"", ""friction"", ""structures"", ""transport"", ""temporal_spectra"", ""spatial_spectra"", ""pod"", ""dmd"", ""lcs_ftle"", ""spod"", ""phase_triple"", ""correlations"", ""harmonics""]",相同,tblR2.figures_global / figures_family -> 实际绘图函数（需按job检查）（按调用组定位，非逐字段动态覆盖证明）,用户可调（消费者和本case模式生效时）,参数区,
controlled,cfg.preview,project/cases/per_case/tandem_f40a3_phi0_r2/tandem_f40a3_phi0_r2_case.m:341,struct(),{},"{""enabled"": 0}",未作值相等断言,project/lib/+tblR2/plot_core_products.m:437; project/lib/+tblR2/plot_core_products.m:438,配置容器/初值复制；请改叶字段,参数区,
controlled,cfg.preview.enabled,project/cases/per_case/tandem_f40a3_phi0_r2/tandem_f40a3_phi0_r2_case.m:342,false,false,0,相同（数值类型表示差异）,主脚本或动态字段消费者；未穷尽静态追踪（按调用组定位，非逐字段动态覆盖证明）,用户可调（消费者和本case模式生效时）,参数区,
controlled,cfg.sources.raw.roots,project/cases/per_case/tandem_f40a3_phi0_r2/tandem_f40a3_phi0_r2_case.m:389,raw.roots,"""<动态表达式；以 expression 列为准>""","[""J:\\Export0731\\TempData0731_LinZheng\\Tandem\\Tandem_f40A3_Phi+0_PIV_3rd"", ""J:\\Export0731\\TempData0731_LinZheng\\Tandem\\Tandem_f40A3_Phi+0_PIV_2nd""]",未作值相等断言,project/lib/+tblR2/validate_config.m:109,用户可调（消费者和本case模式生效时）,执行段/条件性赋值,运行时由缓存元数据或DAT探测覆盖；当前记录身份见P0报告，不能纯凭脚本推断在线DAT状态。
controlled,cfg.sources.raw.offsets,project/cases/per_case/tandem_f40a3_phi0_r2/tandem_f40a3_phi0_r2_case.m:390,raw.offsets,"""<动态表达式；以 expression 列为准>""","[0, 0]",未作值相等断言,tblR2.prepare_sequence_cache（实际来源初始化段后赋值）（按调用组定位，非逐字段动态覆盖证明）,用户可调（消费者和本case模式生效时）,执行段/条件性赋值,运行时由缓存元数据或DAT探测覆盖；当前记录身份见P0报告，不能纯凭脚本推断在线DAT状态。
controlled,cfg.sources.raw.ids,project/cases/per_case/tandem_f40a3_phi0_r2/tandem_f40a3_phi0_r2_case.m:391,raw.repeat_ids,"""<动态表达式；以 expression 列为准>""","[""Tandem_f40A3_Phi+0_PIV_3rd"", ""Tandem_f40A3_Phi+0_PIV_2nd""]",未作值相等断言,tblR2.prepare_sequence_cache（实际来源初始化段后赋值）（按调用组定位，非逐字段动态覆盖证明）,用户可调（消费者和本case模式生效时）,执行段/条件性赋值,运行时由缓存元数据或DAT探测覆盖；当前记录身份见P0报告，不能纯凭脚本推断在线DAT状态。
controlled,cfg.sources.postproc.roots,project/cases/per_case/tandem_f40a3_phi0_r2/tandem_f40a3_phi0_r2_case.m:392,post.roots,"""<动态表达式；以 expression 列为准>""","[""J:\\Export0731\\TempData0731_LinZheng\\Tandem\\Tandem_f40A3_Phi+0_PostProc_3rd"", ""J:\\Export0731\\TempData0731_LinZheng\\Tandem\\Tandem_f40A3_Phi+0_PostProc_2nd""]",未作值相等断言,tblR2.prepare_sequence_cache（实际来源初始化段后赋值）（按调用组定位，非逐字段动态覆盖证明）,用户可调（消费者和本case模式生效时）,执行段/条件性赋值,运行时由缓存元数据或DAT探测覆盖；当前记录身份见P0报告，不能纯凭脚本推断在线DAT状态。
controlled,cfg.sources.postproc.offsets,project/cases/per_case/tandem_f40a3_phi0_r2/tandem_f40a3_phi0_r2_case.m:393,post.offsets,"""<动态表达式；以 expression 列为准>""","[0, 0]",未作值相等断言,tblR2.prepare_sequence_cache（实际来源初始化段后赋值）（按调用组定位，非逐字段动态覆盖证明）,用户可调（消费者和本case模式生效时）,执行段/条件性赋值,运行时由缓存元数据或DAT探测覆盖；当前记录身份见P0报告，不能纯凭脚本推断在线DAT状态。
controlled,cfg.sources.postproc.ids,project/cases/per_case/tandem_f40a3_phi0_r2/tandem_f40a3_phi0_r2_case.m:394,post.repeat_ids,"""<动态表达式；以 expression 列为准>""","[""Tandem_f40A3_Phi+0_PostProc_3rd"", ""Tandem_f40A3_Phi+0_PostProc_2nd""]",未作值相等断言,tblR2.prepare_sequence_cache（实际来源初始化段后赋值）（按调用组定位，非逐字段动态覆盖证明）,用户可调（消费者和本case模式生效时）,执行段/条件性赋值,运行时由缓存元数据或DAT探测覆盖；当前记录身份见P0报告，不能纯凭脚本推断在线DAT状态。
controlled,cfg.data_root,project/cases/per_case/tandem_f40a3_phi0_r2/tandem_f40a3_phi0_r2_case.m:395,cfg.sources.raw.roots{1},"""<动态表达式；以 expression 列为准>""","""J:\\Export0731\\TempData0731_LinZheng\\Tandem\\Tandem_f40A3_Phi+0_PIV_3rd""",未作值相等断言,project/lib/+tblR2/save_result.m:6; project/lib/+tblR2/validate_config.m:109; project/lib/+tblR2/section4_vlsm_analysis.m:909,身份或派生字段；非日常科学参数,执行段/条件性赋值,
controlled,cfg,project/cases/per_case/tandem_f40a3_phi0_r2/tandem_f40a3_phi0_r2_case.m:399,tblR2.validate_config(cfg),"""<配置容器或校验返回值>""","""<非cfg字段>""",未作值相等断言,project/lib/+tblR2/mean_stats_cache.m:57; project/lib/+tblR2/quadrant_streaming.m:1; project/lib/+tblR2/quadrant_streaming.m:5; project/lib/+tblR2/quadrant_streaming.m:6; project/lib/+tblR2/quadrant_streaming.m:7; project/lib/+tblR2/quadrant_streaming.m:19; project/lib/+tblR2/quadrant_streaming.m:20; project/lib/+tblR2/quadrant_streaming.m:50,用户可调（消费者和本case模式生效时）,执行段/条件性赋值,
controlled,cache_cfg.rebuild_cache,project/cases/per_case/tandem_f40a3_phi0_r2/tandem_f40a3_phi0_r2_case.m:426,"strcmp(cfg.stages.cache, 'compute')","""<动态表达式；以 expression 列为准>""","""<非cfg字段>""",未作值相等断言,主脚本或动态字段消费者；未穷尽静态追踪（按调用组定位，非逐字段动态覆盖证明）,身份或派生字段；非日常科学参数,执行段/条件性赋值,
controlled,cfg.preview,project/cases/per_case/tandem_f40a3_phi0_r2/tandem_f40a3_phi0_r2_case.m:497,"struct('enabled', true)","{""enabled"": true}","{""enabled"": 0}",未作值相等断言,project/lib/+tblR2/plot_core_products.m:437; project/lib/+tblR2/plot_core_products.m:438,配置容器/初值复制；请改叶字段,执行段/条件性赋值,
